id,name,address,phone,website,therapy_types,insurance_accepted,diagnoses_treated,age_groups
614389c4-abd4-444c-a3fe-2de1cd718934,1 to 1 Kid Talk Therapy,"814 12th St. #4 Santa Monica, CA 90403",323-328-8412,https://1to1kidtalk.com/,['Speech therapy'],Private Pay,"[""Speech and Language Disorder"", ""Autism Spectrum Disorder"", ""Global Development Delay""]","[""0-5""]"
d851ae4a-83b1-4161-b04f-fa01bf46a4e8,360 Behavioral Health,"3750 Atlantic Ave, Long Beach, CA 90807",833-227-3454,https://360behavioralhealth.com/,['ABA therapy'],"Medi-Cal, Private Insurance","[""Autism Spectrum Disorder"", ""Global Development Delay"", ""ADHD""]","[""0-5"", ""6-12"", ""13-18""]"
bb3e298f-651c-4536-a5c4-01c8e64d0612,360 Behavioral Health,"1343 N. Grand Avenue Suite 200 Covina, Ca 91724",833-768-8867,https://360behavioralhealth.com/city/covina/,"[""ABA therapy"", ""Parent child interaction therapy/parent training behavior management"", ""Social Skills Training""]"," Private Pay, Medi-Cal","[""Autism Spectrum Disorder"", ""Global Development Delay"", ""ADHD""]","[""0-5"", ""6-12"", ""13-18""]"
323b0f6c-81cc-425f-a3d4-e9ae6b0adf16,360 Behavioral Health,"3750 Atlantic Ave, Long Beach,, CA 90807",833-227-3454,https://360behavioralhealth.com/city/covina/,['ABA therapy'],"Medi-Cal, Private Insurance","[""Autism Spectrum Disorder"", ""Global Development Delay"", ""ADHD""]","[""0-5"", ""6-12"", ""13-18""]"
30849246-34ed-4743-b9d8-472873b0ed6d,A and J Behavioral Health,"12100 Wilshire Blvd Suite 836, Los Angeles, CA 90025",310-905-6642,https://ajbehavioral-ca.com/,"['ABA therapy', 'Parent child interaction therapy/parent training behavior management', 'Social skills training', 'Early intervention']","Private Pay, Private Insurance","[""Autism Spectrum Disorder"", ""Global Development Delay"", ""ADHD""]","[""0-5"", ""6-12"", ""13-18""]"
b664ed28-004e-4148-a622-1633fe043a7b,"A Change In Trajectory, Inc.","{""zip"": ""91405"", ""city"": ""Van Nuys"", ""state"": ""CA"", ""street"": ""7226 Sepulveda Blvd""}",818-235-1414,http://www.act-works.net/,"['ABA therapy', 'Parent child interaction therapy/parent training behavior management', 'Social skills training', 'Early intervention']","{""Blue Shield"",""Anthem/Blue Cross"",Aetna,Cigna,""The Holman Group"",MHN,""Kaiser Permanente"",""Molina Health Care"",Magellan,""Inland Empire Health Plan"",""L.A. Care"",""United Behavioral Health""}","[""Autism Spectrum Disorder"", ""Global Development Delay"", ""ADHD""]","[""0-5"", ""6-12"", ""13-18""]"
038a583e-9543-4d02-b86d-6bd636034f11,A Happy Family Behavioral Services,"13400 Riverside Dr. #212 Sherman Oaks, CA 91423",818-330-5328,https://www.ahappyfam.com/,"['ABA therapy', 'Parent Training']","MHN, TRICARE, Magellan Health, Anthem Blue Cross","[""Autism Spectrum Disorder"", ""Global Development Delay"", ""ADHD""]","[""0-5"", ""6-12"", ""13-18""]"
8f0a05af-c303-4100-b9ee-7797276a5e1c,A Speech Storey,"5318 2nd St #910, Long Beach,, CA 90803",562-222-4629,https://www.aspeechstorey.com/,['Speech therapy'],Private Pay,"[""Speech and Language Disorder"", ""Autism Spectrum Disorder"", ""Global Development Delay""]","[""0-5"", ""6-12"", ""13-18""]"
2153f478-a925-4855-9849-07478a9e76e8,Aba Enhancement Inc.,"{""zip"": ""90807"", ""city"": ""Long Beach"", ""state"": ""CA"", ""street"": ""3491 Elm Ave""}",951-317-5950,http://www.baetherapy.com/,"['Speech therapy', 'Parent training']",{Aetna},"[""Speech and Language Disorder"", ""Autism Spectrum Disorder"", ""Global Development Delay""]","[""0-5"", ""6-12"", ""13-18""]"
b6fd6485-fde7-40ea-8276-d9ee7bfab2e6,ABA Works,"25124 Narbonne Ave Ste 102, Lomita,, CA 90717",888-286-8715,https://aba-works.com/,"['ABA therapy', 'Speech therapy', 'Parent training']","Private Insurance:  Molina, LA Care, Blue Shield of CA, Anthem/Blue Cross, Magellan, HealthNet, MHN, Blue Shield Promise Health Plan","[""Autism Spectrum Disorder"", ""ADHD"", ""Speech and Language Disorder"", ""Sensory Processing Disorder""]","[""0-5"", ""6-12"", ""13-18""]"
e5a7a892-fdeb-4022-96fe-c6cd791d76b2,"Aba Works, Inc.","{""zip"": ""90717"", ""city"": ""Lomita"", ""state"": ""CA"", ""street"": ""25124 Narbonne Ave Ste 102""}",888-286-8715,https://aba-works.com/,"['ABA therapy', 'Speech therapy']","{MHN,Magellan,Medicaid,""Blue Cross"",Molina,""Blue Shield"",Anthem}","[""Autism Spectrum Disorder"", ""ADHD"", ""Speech and Language Disorder"", ""Sensory Processing Disorder""]","[""0-5"", ""6-12"", ""13-18""]"
0036b93e-12d6-4fd6-8653-a4010b4146df,Above & Beyond Therapy,"17620 Sherman Way Suite 215a, Van Nuys, CA 91406",877-847-7757,https://aboveandbeyondbt.com/,"['ABA therapy', 'Parent Coaching', 'FBAs']",Private Insurance,"[""Autism Spectrum Disorder"", ""Global Development Delay"", ""ADHD""]","[""0-5"", ""6-12"", ""13-18""]"
d8453173-de16-4706-8c63-cc2ebc07762f,ABS Kids,"5143 D St
Chino CA 91710-4185",858-264-5858,https://www.abskids.com/,['ABA therapy'],"Regional Center, Private Pay, Private Insurance","[""Autism Spectrum Disorder"", ""Global Development Delay"", ""ADHD""]","[""0-5"", ""6-12"", ""13-18""]"
76d1b798-22e1-40a4-8a8a-ff55a1f68bb0,Accel Therapies,"{""zip"": ""92868"", ""city"": ""Orange"", ""state"": ""CA"", ""street"": ""140 S Flower St Suite 100""}",949-630-8290,https://acceltherapies.com/,['ABA therapy'],"{Aetna,Optum,Magellan,""Blue Shield"",""Blue Cross Blue Shield"",""Blue Cross"",CalOptima,Tricare,Medicaid,Anthem}","[""Autism Spectrum Disorder"", ""Global Development Delay"", ""ADHD""]","[""0-5"", ""6-12"", ""13-18""]"
ebd0a8b3-aa07-44ba-8b45-f8a59853971f,"Accelerated Behavioral Change, Inc.","{""zip"": ""91436"", ""city"": ""Encino"", ""state"": ""CA"", ""street"": ""16400 Ventura Blvd UNIT 327""}",747-221-4222,http://www.abcspectrum.com/,['ABA therapy'],{},"[""Autism Spectrum Disorder"", ""Global Development Delay"", ""ADHD""]","[""0-5"", ""6-12"", ""13-18""]"
d610527e-33d6-4341-9d56-c358673aa1e8,"Acceleration Behavioral Therapies, Inc.","{""zip"": ""91436"", ""city"": ""Encino"", ""state"": ""CA"", ""street"": ""16501 Ventura Blvd suite 400""}",818-356-8106,https://www.accelerationbt.com/,['ABA therapy'],"{Medi-Cal, Private Insurance}","[""Autism Spectrum Disorder"", ""Global Development Delay"", ""ADHD""]","[""0-5"", ""6-12"", ""13-18""]"
ba8cfac4-4ed4-43a8-b11a-12e8fdc15aa0,ACES - Autism Comprehensive Educational Services - Phillips Ranch,"21 Rancho Camino Dr Pomona, CA 91766-7019

 17462 Colima Rd
Rowland Heights CA 91748-1633","855-223-7123 (Pomona)

855-223-7123 (Rowland Heights)",https://www.acesaba.com/locations/phillips-ranch,['ABA therapy'],"Private Pay, Medi-cal","[""Autism Spectrum Disorder"", ""Global Development Delay"", ""ADHD""]","[""0-5"", ""6-12"", ""13-18""]"
464386eb-c060-4440-afd4-4bb1fd5cc52c,ACES ABA - Autism Therapy Center,"16360 Roscoe Blvd #100, Van Nuys, CA 91406",818-672-7002,https://www.acesaba.com/locations,['ABA therapy'],"Private Insurance, Medicaid","[""Autism Spectrum Disorder"", ""Global Development Delay"", ""ADHD""]","[""0-5"", ""6-12"", ""13-18""]"
dccd3cd0-ba8c-45f3-a582-5ca984ecac8a,"Aces Comprehensive Educational Services, Inc. Dba","{""zip"": ""91406"", ""city"": ""Van Nuys"", ""state"": ""CA"", ""street"": ""16360 Roscoe Blvd #100""}",949-833-2237,https://www.acesaba.com/location-sfv/,['ABA therapy'],"Medicaid, Private Insurance","[""Autism Spectrum Disorder"", ""Global Development Delay"", ""ADHD""]","[""0-5"", ""6-12"", ""13-18""]"
4ec3bbd2-a650-4edc-90fb-449facd80873,ACES- Autism Comprehensive Educational Services - Long Beach,3431 Cherry Ave Long Beach CA 90807-4911,855-223-7123,https://www.acesaba.com/locations/long-beach,['ABA therapy'],"Medicaid, Private Insurance","[""Autism Spectrum Disorder"", ""Global Development Delay"", ""ADHD""]","[""0-5"", ""6-12"", ""13-18""]"
7b8cdebc-7754-4154-8324-a71820d24275,ACES- Autism Comprehensive Educational Services - Long Beach,"3431 Cherry Ave Long Beach, CA 90807-4911",855-223-7123,https://www.acesaba.com/locations/long-beach,['ABA therapy'],"Medicaid, Private Insurance","[""Autism Spectrum Disorder"", ""Global Development Delay"", ""ADHD""]","[""0-5"", ""6-12"", ""13-18""]"
2175f3f4-83b2-47f9-b486-689f276fd2ac,Achieve Speech Associates,"16550 Ventura Blvd, Suite 405, Encino, CA 91436",310-402-3775,https://achievespeech.com/,"['Social Skills Groups', 'Early Intervention', 'Speech therapy']",Private Pay,"[""Autism Spectrum Disorder"", ""ADHD"", ""Speech and Language Disorder"", ""Sensory Processing Disorder""]","[""All Ages""]"
24410a35-6c37-4980-966a-b9c97a796962,"Advanced For Behavior & Educational Development & Intervention, Inc. (Abedi)","{""zip"": ""91316"", ""city"": ""Encino"", ""state"": ""CA"", ""street"": ""17203 Ventura Blvd #3""}",949-250-1101,http://www.teamabi.com/,"['ABA therapy', 'Parent training']",{Private Insurance},"[""Autism Spectrum Disorder"", ""Global Development Delay"", ""ADHD""]","[""0-5"", ""6-12"", ""13-18""]"
7de06e0b-58e8-4d2e-b94c-ed988a277b32,Advanced Pediatric Behavioral Health,"{""zip"": ""91436"", ""city"": ""Encino"", ""state"": ""CA"", ""street"": ""15720 Ventura Blvd #210""}",818-646-9229,https://advancedpsychiatryassociates.com/,"[""ABA therapy""]","{Medicare, Aetna, Anthem Blue Cross, Blue Shield of CA, Cal-Optima, Cigna, HealthNET/MHN, Magellan, Molina, LA Care (Medi-Cal), Premera, Holamn Group, United Behavioral Health/UMR/United Health Care, Kaiser, Regional Centers, TRICARE}","[""Autism Spectrum Disorder"", ""Global Development Delay"", ""ADHD""]","[""All Ages""]"
659c87d4-21e0-43e8-9206-6e4a05640a4b,All Care Therapies,"6420 Wilshire Blvd Suite 600, Los Angeles, CA 90048",818-894-2273,https://allcaretherapies.com/en-us/,"['Physical therapy', 'Occupational therapy']","[Medi-Cal/Medicaid, Aetna, OPTUM Care, CookChildren's, Blue Shield of California, Stanford Health Care, Cigna Healthcare, Covered California, United Healthcare]","[""Autism Spectrum Disorder"", ""ADHD"", ""Speech and Language Disorder"", ""Sensory Processing Disorder""]","[""All Ages""]"
e7474e9b-d191-452b-9483-7bb5815f86af,All Care Therapies,"5450 W Pico Blvd Ste 700, Los Angeles, California, United States 90020-2764",818-894-2273,https://allcaretherapies.com/en-us/,"['Speech therapy', 'Occupational therapy']","[Medi-Cal/Medicaid, Aetna, OPTUM Care, CookChildren's, Blue Shield of California, Stanford Health Care, Cigna Healthcare, Covered California, United Healthcare]","[""Autism Spectrum Disorder"", ""ADHD"", ""Speech and Language Disorder"", ""Sensory Processing Disorder""]","[""All Ages""]"
6af3700f-d31c-46b9-a65b-d42bddae3daf,All Care Therapies,"4300 Long Beach Blvd # 700, Long Beach,, CA 90807",818-894-2273,https://allcaretherapies.com/en-us/?utm_source=google&utm_medium=gmb_longbeach,"['Occupational therapy', 'Physical therapy', 'Speech therapy']","[Medi-Cal/Medicaid, Aetna, OPTUM Care, CookChildren's, Blue Shield of California, Stanford Health Care, Cigna Healthcare, Covered California, United Healthcare]","[""Autism Spectrum Disorder"", ""ADHD"", ""Speech and Language Disorder"", ""Sensory Processing Disorder""]","[""All Ages""]"
28d07070-24b7-402e-b722-90d553e9bce6,All Care Therapies,"8550 Balboa Blvd Ste 242, Northridge, CA 9132",818-894-2273,https://allcaretherapies.com/en-us/,['Physical therapy'],"[Medi-Cal/Medicaid, Aetna, OPTUM Care, CookChildren's, Blue Shield of California, Stanford Health Care, Cigna Healthcare, Covered California, United Healthcare]","[""Autism Spectrum Disorder"", ""ADHD"", ""Speech and Language Disorder"", ""Sensory Processing Disorder""]","[""All Ages""]"
b2d01fc3-325f-4a4b-9cf8-7fd9a0cf4841,All Care Therapies,"5806 Pacific Blvd, Huntington Park, CA 90255",818-894-2273,https://allcaretherapies.com/en-us/,"['Physical therapy', 'Speech therapy', 'Occupational therapy']","[Medi-Cal/Medicaid, Aetna, OPTUM Care, CookChildren's, Blue Shield of California, Stanford Health Care, Cigna Healthcare, Covered California, United Healthcare]","[""Autism Spectrum Disorder"", ""ADHD"", ""Speech and Language Disorder"", ""Sensory Processing Disorder""]","[""All Ages""]"
ea9d75d0-dc1b-4ff6-8ac6-1aff4686e935,Alora Behavioral Health,"1274 Center Ct Dr #211, Covina, Ca 91724",626-339-4999,https://alorabh.com/,['ABA therapy'],"{""Private Pay"", ""Medi-Cal""}","[""Autism Spectrum Disorder"", ""Global Development Delay"", ""ADHD""]","[""All Ages""]"
c5db66fc-e5bc-44ef-8634-3a8e2d72d421,"Alternative Behavior Strategies, Llc (Abs Kids)","{""zip"": ""91791"", ""city"": ""West Covina"", ""state"": ""CA"", ""street"": ""2235 E Garvey Ave N""}",858-264-5858,https://www.abskids.com/,['ABA therapy'],"{Aetna,""Blue Cross Blue Shield"",Beacon,""Blue Cross"",""Blue Shield""}","[""Autism Spectrum Disorder"", ""Global Development Delay"", ""ADHD""]","[""All Ages""]"
47c8b477-4698-493f-beb9-b32152571d0d,Amada ABA,"12215 Telegraph Rd. Suite 210A, Santa Fe Springs, CA 90670",626-268-1624,https://www.amadaaba.com/,"['ABA therapy', 'Parent child interaction therapy/parent training behavior management']","Private Pay, Medi-Cal, Private Insurance","[""Autism Spectrum Disorder"", ""Global Development Delay"", ""ADHD""]","[""0-5"", ""6-12"", ""13-18""]"
042a491f-e65f-4769-aeae-957b7782be65,Ample Joy ABA Consulting Services,"5665 Wilshire Blvd Suite 1049, Los Angeles,, CA 90036",877-708-2385,https://amplejoyabaservices.com/,"['ABA therapy', 'Occupational therapy', 'Speech therapy']","Medi-Cal, Private Insurance","[""Autism Spectrum Disorder"", ""ADHD"", ""Speech and Language Disorder"", ""Sensory Processing Disorder""]","[""All Ages""]"
cccbff84-039c-4b2a-9791-a734b8d242b1,"Apple Speech and Educational Services, Inc.","15650 Devonshire St. #208 Granada Hills, CA 91344",818-488-1145,http://www.applespeechtherapy.com/,['Speech therapy'],Private Pay,"[""Speech and Language Disorder"", ""Autism Spectrum Disorder"", ""Global Development Delay""]","[""0-5"", ""6-12"", ""13-18""]"
f9d49451-855d-4feb-888f-f6ad921f75d3,Appletree Early Intervention Center,"12375 Imperial Hwy., Norwalk,, CA 90650",562-202-3524,https://www.appletreekidz.com/,"['Occupational therapy', 'Physical therapy', 'Speech therapy']",Private Insurance,"[""Autism Spectrum Disorder"", ""ADHD"", ""Speech and Language Disorder"", ""Sensory Processing Disorder""]","[""0-5"", ""6-12"", ""13-18""]"
4b888858-0d22-4942-8318-04e20635761e,Appletree Early Intervention Center,"12375 Imperial Hwy., Norwalk, CA 90650",562-202-3524,https://www.appletreekidz.com/,"['Occupational therapy', 'Physical therapy', 'Speech therapy']",Private Insurance,"[""Autism Spectrum Disorder"", ""ADHD"", ""Speech and Language Disorder"", ""Sensory Processing Disorder""]","[""0-5"", ""6-12"", ""13-18""]"
1d62f45d-3321-4469-970c-8ddd0d2d78f1,Applied Behavior & Learning Enterprises,"21362 Lassen St, Suite 202, Chatsworth, CA 91311",818-909-2253,https://www.ablenterprises.com/,"['Adaptive Skills Training', 'Early Intervention', 'FBA', 'Social Skills Training']","Aetna, Anthem Blue Cross Blue Shield, Blue Shield of California, Cigna, LA Care Health Plan, MHN","[""Autism Spectrum Disorder"", ""Global Development Delay"", ""ADHD""]","[""0-5"", ""6-12"", ""13-18""]"
68c53e8b-8cab-40be-a7ce-3eb7c544f603,"Applied Behavior Analysis Consultation Services, Inc.","{""zip"": ""90036"", ""city"": ""Los Angeles"", ""state"": ""CA"", ""street"": ""5665 Wilshire Blvd SUITE 1049""}",844-422-2435,http://www.abcreal.com/,"['Adaptive Skills Training', 'Early Intervention', 'FBA', 'Social Skills Training']",{Medi-Cal},"[""Autism Spectrum Disorder"", ""Global Development Delay"", ""ADHD""]","[""0-5"", ""6-12"", ""13-18""]"
c8c4cb00-19c4-44cb-88e6-687a3b5e793b,"Applied Behavior Consultants, Inc. (Abc)","{""zip"": ""91730"", ""city"": ""Rancho Cucamonga"", ""state"": ""CA"", ""street"": ""10604 Trademark Pkwy N Ste 308""}",909-484-2848,http://www.abcreal.com/,"['Adaptive Skills Training', 'Early Intervention', 'FBA', 'Social Skills Training']","{""Covered California"",Medi-Cal, Aetna, Antem Blue Cross, Blue Cross Blue Shielf, Blue Shielf of CA, Carelon Behavioral Health, Carelon HPSJ, Cigna, Contra Costa Health Plan, Health Net, Inland Empire Health Plan, Keenan Health Care, Kaiser Southern California, LA Care, Magellan/Blue Shield of CA, Magellan Health Services of CA, Magellan/Western Health Advantage, Molina Health Care, Optum Health Behavioral Solutions, Prime Healthcare, The Holman Group, TriCare West, UMR, United Behavioral Health, United Healthcare, Compass Route}","[""Autism Spectrum Disorder"", ""Global Development Delay"", ""ADHD""]","[""0-5"", ""6-12"", ""13-18""]"
d6d4830e-d30a-4265-9768-d8650b33b749,Applied Behavioral Learning Group,"{""zip"": ""91311"", ""city"": ""Chatsworth"", ""state"": ""CA"", ""street"": ""21363 Lassen St # 202""}","818-668-3999, 661-837-7090",http://www.ablenterprises.com/,"['Adaptive Skills Training', 'Early Intervention', 'FBA', 'Social Skills Training']","{""Covered California"",Medi-Cal, Aetna, Antem Blue Cross, Blue Cross Blue Shielf, Blue Shielf of CA, Carelon Behavioral Health, Carelon HPSJ, Cigna, Contra Costa Health Plan, Health Net, Inland Empire Health Plan, Keenan Health Care, Kaiser Southern California, LA Care, Magellan/Blue Shield of CA, Magellan Health Services of CA, Magellan/Western Health Advantage, Molina Health Care, Optum Health Behavioral Solutions, Prime Healthcare, The Holman Group, TriCare West, UMR, United Behavioral Health, United Healthcare, Compass Route}","[""Autism Spectrum Disorder"", ""Global Development Delay"", ""ADHD""]","[""0-5"", ""6-12"", ""13-18""]"
661e7881-0a76-440d-8077-29f0de6f9914,As They Grow,"339 E. Rowland St. Covina, CA 91723",626-339-0268,https://www.atgtherapy.com/,['Occupational therapy'],"{""Medi-Cal"", ""Private Pay"",} ","[""Autism Spectrum Disorder"", ""ADHD"", ""Sensory Processing Disorder""]","[""0-5"", ""6-12""]"
b15c311b-fcf8-4d77-a146-71e1d6facd23,Ascent ABA,"In-home, serving Rancho Cucamonga, Chino, Chino Hills, Fontana, Ontario, Rialto, Pomona, Eastvale, Mira Loma & the Inland Empire
11175 Azusa Court, Suite 110, Rancho Cucamonga, CA 91730",949-668-7004,https://www.ascentaba.com/,['ABA therapy'],Private Pay,"[""Autism Spectrum Disorder"", ""Global Development Delay"", ""ADHD""]","[""0-5"", ""6-12"", ""13-18""]"
2634a866-9d2b-48c9-878a-c6e7c74a3b11,"Assessment, Consultation & Treatment","{""zip"": ""91107"", ""city"": ""Pasadena"", ""state"": ""CA"", ""street"": ""2700 E Foothill Blvd Lobby""}",626-824-0982,http://www.actpsychology.com/,['ABA therapy'],"{Medi-Cal, Private Insurance}","[""Autism Spectrum Disorder"", ""Global Development Delay"", ""ADHD""]","[""0-5"", ""6-12"", ""13-18""]"
79b1c9d0-8df5-4f45-b18e-c43c63929a98,Asteri Behavioral Health,"{""zip"": ""90248"", ""city"": ""Gardena"", ""state"": ""CA"", ""street"": ""879 W 190th St Suite 400""}",800-400-9748,http://www.asteribehavioraltreatment.com/,"['ABA therapy', 'Parent Training']",Private Insurance,"[""Autism Spectrum Disorder"", ""Global Development Delay"", ""ADHD""]","[""0-5"", ""6-12"", ""13-18""]"
2d61e732-144b-4a79-abd1-049daff75e83,Asteri Behavioral Treatment Center,"1501 West Cameron Ave Suite 215 West Covina,, CA 91790",877-272-5818,https://asteribehavioraltreatmentcenter.com/,"['ABA therapy', 'Parent Training']",Private Insurance,"[""Autism Spectrum Disorder"", ""Global Development Delay"", ""ADHD""]","[""0-5"", ""6-12"", ""13-18""]"
0c450e8f-2d6e-40ad-b6ed-5e9e2a6b768c,Atlas ABA,"2707 Empire Ave, Burbank. CA 91504",818-639-3568,https://atlasaba.com/,"['ABA therapy', 'Social Skills', 'Parent Training']",Private Insurance,"[""Autism Spectrum Disorder"", ""Global Development Delay"", ""ADHD""]","[""0-5"", ""6-12"", ""13-18""]"
1aec4408-eb4a-49d8-a401-fda4dadda37b,Atlas Behavior Services,"{""zip"": ""91504"", ""city"": ""Burbank"", ""state"": ""CA"", ""street"": ""2707 Empire Ave""}",818-634-1163,https://atlasaba.com/,"['ABA therapy', 'Social Skills', 'Parent Training']","LA Care, Anthem, Health Net, Magellan","[""Autism Spectrum Disorder"", ""Global Development Delay"", ""ADHD""]","[""0-5"", ""6-12"", ""13-18""]"
71027f65-e23a-402f-91bf-210f97cf4a89,Aultruism Inc,"{""zip"": ""92804"", ""city"": ""Anaheim"", ""state"": ""CA"", ""street"": ""10568 Magnolia Ave #102""}",562-889-4256,http://aultruism.com/,"['Adaptive Skills Training', 'Early Intervention', 'FBA', 'Social Skills Training', 'Parent Training']",{},"[""Autism Spectrum Disorder"", ""ADHD"", ""Speech and Language Disorder"", ""Sensory Processing Disorder""]","[""All Ages""]"
279d5add-6ab0-4651-9dfc-ea89cfe14910,"Autism Behavior Consultants, Inc.","{""zip"": ""90503"", ""city"": ""Torrance"", ""state"": ""CA"", ""street"": ""2909 Oregon Ct A1""}",310-320-1333,http://www.autismprograms.com/,"['ABA therapy', 'Social Skills', 'Parent Training']","LA Care, Anthem Blue Cross, Anthem Blue Shield of California, Health Net, Magellan Health, Cigna, United Healthcare, Kaiser Permanente","[""Autism Spectrum Disorder"", ""Global Development Delay"", ""ADHD""]","[""0-5"", ""6-12"", ""13-18""]"
d5cbe871-08c6-4720-ac22-c50d68d22966,Autism Behavior Intervention,"{""zip"": ""91316"", ""city"": ""Encino"", ""state"": ""CA"", ""street"": ""17203 Ventura Blvd #3""}",844-646-7516,http://www.teamabi.com/,"['ABA therapy', 'Early Intervention']","LA Care, Anthem, Health Net, Magellan Health, Cigna, United Healthcare, Optum, Blue Shield of California","[""Autism Spectrum Disorder"", ""Global Development Delay"", ""ADHD""]","[""0-5"", ""6-12"", ""13-18""]"
f3496d5e-61b3-4d2e-b06f-f67c57ba2256,Autism Behavior Services,"{""zip"": ""91436"", ""city"": ""Encino"", ""state"": ""CA"", ""street"": ""16000 Ventura Blvd #1103""}",855-581-0100,http://www.ahappyfam.com/,"['ABA therapy', 'Social Skills', 'Parent Training']","{""Health Net"",MHN,Magellan,""Blue Shield""}","[""Autism Spectrum Disorder"", ""Global Development Delay"", ""ADHD""]","[""0-5"", ""6-12"", ""13-18""]"
2093e2d9-7374-495b-a8cd-c51a2c2e2afb,Autism Believe Accept Therapy Services,"5967 W 3rd St. Suite 200 Los Angeles, CA 90036",323-745-5800,https://www.abatsaba.com/,['ABA therapy'],"Medi-Cal, Private Insurance, Private Pay","[""Autism Spectrum Disorder"", ""Global Development Delay"", ""ADHD""]","[""All Ages""]"
0cb65b55-6ba3-4a53-89e1-75dc3964671f,Autism Believe Accept Therapy Services,"5967 W 3rd St. Suite 200 Los Angeles, CA 90036",323-745-5800,https://www.abatsaba.com/,['ABA therapy'],"Medi-Cal, Private Insurance, Private Pay","[""Autism Spectrum Disorder"", ""Global Development Delay"", ""ADHD""]","[""All Ages""]"
68c5f183-cc4c-4d64-abf0-20c5a27f9924,Autism Center for Treatment,"21550 Oxnard St. Suite 940 Woodland Hills, CA 91367",818-707-1717,https://www.act4autism.com/,['ABA therapy'],Private Insurance,"[""Autism Spectrum Disorder"", ""Global Development Delay"", ""ADHD""]","[""0-5"", ""6-12"", ""13-18""]"
9276d461-3c43-43da-880c-e187af2fc173,Autism Learning Partners,"1055 E Colorado Blvd Suite 560
 Pasadena CA 91106",888-805-0759,https://www.autismlearningpartners.com/,['ABA therapy'],"Regional Center, Private Pay, Medicaid","[""Autism Spectrum Disorder"", ""Global Development Delay"", ""ADHD""]","[""0-5"", ""6-12"", ""13-18""]"
8b1bf9ae-07c8-4ee6-a161-2c27cc246645,Autism Learning Partners,"{""zip"": ""91206"", ""city"": ""Glendale"", ""state"": ""CA"", ""street"": ""741 Glenvia St Suite 102 & 200""}","818-241-6780, 855-976-5740",https://www.autismlearningpartners.com/,"['ABA therapy', 'Occupational therapy', 'Physical therapy']","Regional Center, Private Pay, Medicaid","[""Autism Spectrum Disorder"", ""Global Development Delay"", ""ADHD""]","[""All Ages""]"
80aa7ef3-9fc5-4973-b508-7040f7dfbbef,Autism Learning Partners,"12432 Bellflower Blvd Downey, CA 90242",888-805-0759,https://autismlearningpartners.com/locations/california/los-angeles-county/monrovia/,['ABA therapy'],"Medicaid, Private Insurance","[""Autism Spectrum Disorder"", ""Global Development Delay"", ""ADHD""]","[""All Ages""]"
a5cf3d20-a257-440a-8b93-f59c4aa69f93,Autism Learning Partners,"1333 S Mayflower Ave
 Monrovia CA 91016-4066",888-805-0759,https://autismlearningpartners.com/,['ABA therapy'],"Regional Center, Private Pay, Medicaid","[""Autism Spectrum Disorder"", ""Global Development Delay"", ""ADHD""]","[""All Ages""]"
a4e913bb-6b0a-4fa4-853e-2beade305387,Autism Learning Partners,12432 Bellflower Blvd Downey CA 90242,888-805-0759,https://autismlearningpartners.com/,['ABA therapy'],"Medicaid, Private Insurance","[""Autism Spectrum Disorder"", ""Global Development Delay"", ""ADHD""]","[""All Ages""]"
330bce9d-391a-4d19-b50e-e6968c9ce93d,Autism Spectrum Interventions,"713 W Commonwealth Ave
Fullerton CA 92832-1612",714-879-4274,https://www.alongside-aba.com/,"['ABA therapy', 'Occupational therapy', 'Social skills groups', 'Parent training']"," Private Pay, Medical, Private Insurance","[""Autism Spectrum Disorder"", ""ADHD"", ""Speech and Language Disorder"", ""Sensory Processing Disorder"", ""Global Development Delay""]","[""0-5"", ""6-12"", ""13-18""]"
fab2b4a0-4552-429f-b50c-709597e4fb73,"Autism Spectrum Interventions, Inc.","{""zip"": ""92832"", ""city"": ""Fullerton"", ""state"": ""CA"", ""street"": ""713 W Commonwealth Ave""}",562-972-4846,http://asiautism.org/,"['ABA therapy', 'Occupational therapy', 'Social skills groups', 'Parent training']","Regional Center, Private Pay, Medicaid, CalOptima Health, Molina Healthcare, Anthem Blue Cross Blue Shield, Evernorth Health Services, Health Net","[""Autism Spectrum Disorder"", ""ADHD"", ""Speech and Language Disorder"", ""Sensory Processing Disorder"", ""Global Development Delay""]","[""0-5"", ""6-12"", ""13-18""]"
d4c53e6f-941b-4a7c-b96b-7f73d8b7f756,Autism Spectrum Therapies,"5001 Airport Plaza Dr #200, Long Beach,, CA 90815",866-727-8274,https://autismtherapies.com/locations/losangeles,"['ABA therapy', 'Occupational therapy', 'Speech therapy']",Private Insurance,"[""Autism Spectrum Disorder"", ""ADHD"", ""Speech and Language Disorder"", ""Sensory Processing Disorder"", ""Global Development Delay""]","[""0-5"", ""6-12"", ""13-18""]"
d96b3fc9-c8c9-48ed-86d6-7e3da7a67ac4,Autism Spectrum Therapies,"515 E Fairview Ave Building K, San Gabriel, CA 91776",866-727-8274,https://autismtherapies.com/locations/losangeles?utm_source=gmb&utm_medium=local&utm_campaign=azusa,"['ABA therapy', 'Speech therapy', 'Occupational therapy']","Private Pay, Private Insurance","[""Autism Spectrum Disorder"", ""ADHD"", ""Speech and Language Disorder"", ""Sensory Processing Disorder"", ""Global Development Delay""]","[""0-5"", ""6-12"", ""13-18""]"
aba831f1-de14-43c9-88d2-6cb44319c234,Autism Spectrum Therapies,"212 E Foothill Boulvevard Azusa, CA 91702",866-727-8274,https://autismtherapies.com/locations/losangeles?utm_source=gmb&utm_medium=local&utm_campaign=azusa,"['ABA therapy', 'Speech therapy', 'Occupational therapy']",Private Pay,"[""Autism Spectrum Disorder"", ""ADHD"", ""Speech and Language Disorder"", ""Sensory Processing Disorder"", ""Global Development Delay""]","[""0-5"", ""6-12"", ""13-18""]"
02842125-c262-4cc9-8085-35a5eb62e202,B.I.G. Solutions Behavioral Inspired Growth,"11335 Magnolia Blvd., Suite 2C North Hollywood, CA 91601",818-824-5420,https://behavioralinspiredgrowth.com/,['ABA therapy'],"Private Insurance, Medi-Cal","[""Autism Spectrum Disorder"", ""Global Development Delay"", ""ADHD""]","[""0-5"", ""6-12"", ""13-18""]"
b7cb994b-6484-41f6-9aa9-cf8a06c8b700,"Banaitis, Inc. Dba Limitless Minds Aka Building Bridges","{""zip"": ""90025"", ""city"": ""Los Angeles"", ""state"": ""CA"", ""street"": ""11022 Santa Monica Blvd #120""}",310-658-0390,https://www.bblmaba.com/,['ABA therapy'],"Regional Center, Private Insurance","[""Autism Spectrum Disorder"", ""Global Development Delay"", ""ADHD""]","[""All Ages""]"
a190df1d-1374-4a64-9c1a-871abd3073bb,Behavior and Education Inc.,"3491 Elm Ave, Long Beach,, CA 90807",833-223-8326,https://baetherapy.com/,['ABA therapy'],"Private Insurance: Aetna, Anthem, Anthem Blue Cross, Anthem Medi-Cal, BlueCross Blue Shield (out of state plans), Beacon/Value Options, Blue Shield of California, CalOptima Medi-Cal, Care 1st Medi-Cal, Cigna, ComPsych, HealthNet, Holman Group, Inland Empire Health Plan (IEHP), Kaiser (case by case, not contracted), LA Care Medi-Cal, Magellan, Manage Health Network (MHN), Molina Medi-Cal, Optum, Oscar Health, Sierra Health / Health Plan Nevada, Texas Medicaid, United Behavior Health, United Healthcare","[""Autism Spectrum Disorder"", ""Global Development Delay"", ""ADHD""]","[""0-5"", ""6-12"", ""13-18""]"
0de822b2-f842-49c7-927c-a937aa66dfa8,Behavior and Education Inc.,"3491 Elm Ave, Long Beach, CA 90807",833-223-8326,https://baetherapy.com/,['ABA therapy'],"Private Insurance: Aetna, Anthem, Anthem Blue Cross, Anthem Medi-Cal, BlueCross Blue Shield (out of state plans), Beacon/Value Options, Blue Shield of California, CalOptima Medi-Cal, Care 1st Medi-Cal, Cigna, ComPsych, HealthNet, Holman Group, Inland Empire Health Plan (IEHP), Kaiser (case by case, not contracted), LA Care Medi-Cal, Magellan, Manage Health Network (MHN), Molina Medi-Cal, Optum, Oscar Health, Sierra Health / Health Plan Nevada, Texas Medicaid, United Behavior Health, United Healthcare","[""Autism Spectrum Disorder"", ""Global Development Delay"", ""ADHD""]","[""0-5"", ""6-12"", ""13-18""]"
c434c3c9-5031-4e2b-9e29-39e5fbebf818,"Behavior And Education, Inc.","{""zip"": ""91403"", ""city"": ""Sherman Oaks"", ""state"": ""CA"", ""street"": ""15335 Morrison St Suite #117""}",310-406-1500,http://www.baetherapy.com/,['ABA therapy'],"Private Insurance: Aetna, Anthem, Anthem Blue Cross, Anthem Medi-Cal, BlueCross Blue Shield (out of state plans), Beacon/Value Options, Blue Shield of California, CalOptima Medi-Cal, Care 1st Medi-Cal, Cigna, ComPsych, HealthNet, Holman Group, Inland Empire Health Plan (IEHP), Kaiser (case by case, not contracted), LA Care Medi-Cal, Magellan, Manage Health Network (MHN), Molina Medi-Cal, Optum, Oscar Health, Sierra Health / Health Plan Nevada, Texas Medicaid, United Behavior Health, United Healthcare","[""Autism Spectrum Disorder"", ""Global Development Delay"", ""ADHD""]","[""0-5"", ""6-12"", ""13-18""]"
5a64214e-675a-4234-a638-c03cb739a6a6,Behavior Education Services Team,"{""zip"": ""91344"", ""city"": ""Granada Hills"", ""state"": ""CA"", ""street"": ""17037 Chatsworth St # 102""}",818-576-0464,http://b-est.org/,"['ABA therapy', 'Parent training']",Private Insurance,"[""Autism Spectrum Disorder"", ""Global Development Delay"", ""ADHD"", ""Other""]","[""0-5"", ""6-12"", ""13-18""]"
470b006a-bdfc-482c-903e-3391712a5709,Behavior Frontiers,"18726 S Western Ave Gardena, CA 90248-3813",888-922-2843,https://www.behaviorfrontiers.com/,['ABA therapy'],"Medicaid, Private Insurance","[""Autism Spectrum Disorder"", ""Global Development Delay"", ""ADHD""]","[""0-5"", ""6-12"", ""13-18""]"
73ebc002-b699-47e1-8903-ef370e8cb225,Behavior Frontiers,126 W Olive Ave Monrovia CA 91016-3410,626-239-3060,https://www.behaviorfrontiers.com/,['ABA therapy'],"{MHN,Optum,Magellan,Beacon,Molina,Medi-Cal}","[""Autism Spectrum Disorder"", ""Global Development Delay"", ""ADHD""]","[""0-5"", ""6-12"", ""13-18""]"
ef280be0-4b7b-451b-9448-3268c0271a10,Behavior Frontiers,18726 S Western Ave Gardena CA 90248-3813,888-922-2843,https://www.behaviorfrontiers.com/,['ABA therapy'],"{MHN,Optum,Magellan,Beacon,Molina,Medi-Cal}","[""Autism Spectrum Disorder"", ""Global Development Delay"", ""ADHD""]","[""0-5"", ""6-12"", ""13-18""]"
db805ecb-d557-4fb0-a6b4-e74a0ea810e6,"Behavior Frontiers Services, Inc.","{""zip"": ""93550"", ""city"": ""Palmdale"", ""state"": ""CA"", ""street"": ""310 W Palmdale Blvd Ste G""}",310-856-0800,https://www.behaviorfrontiers.com/palmdale-california/,['ABA therapy'],"{MHN,Optum,Magellan,Beacon,Molina,Medi-Cal}","[""Autism Spectrum Disorder"", ""Global Development Delay"", ""ADHD""]","[""0-5"", ""6-12"", ""13-18""]"
695208f8-4b85-42bd-bd31-33f28a66c76b,Behavior Guidance Group,"{""zip"": ""90066"", ""city"": ""Los Angeles"", ""state"": ""CA"", ""street"": ""13101 Washington Blvd""}",310-853-8025,http://www.behaviorguidance.com/contact-us/,['ABA therapy'],"{Aetna, Anthem Blue Cross, Care 1st, LA Care, Kaiser}","[""Autism Spectrum Disorder"", ""Global Development Delay"", ""ADHD""]","[""0-5"", ""6-12"", ""13-18""]"
9a2f1e0d-cb44-4351-876e-9b07885c68a1,Behavior One Autism Solutions,"{""zip"": ""91101"", ""city"": ""Pasadena"", ""state"": ""CA"", ""street"": ""155 N Lake Ave 8th floor""}",877-338-7736,https://www.beonebehavior.com/,"['ABA therapy', 'Social Skills', 'Parent training']","{Aetna, Anthem Blue Cross, Blue Shield of California, Magellan, Cigna/Evernorth, Kaiser, United/Optum, CalOptima, LA Care, Inland Empire Health Plan, Anthem LA Care, Medi-Cal}","[""Autism Spectrum Disorder"", ""ADHD"", ""Speech and Language Disorder"", ""Sensory Processing Disorder""]","[""0-5"", ""6-12"", ""13-18""]"
963ea140-74bc-4504-88e8-c760276fff6c,Behavior Trend,"15315 Magnolia Blvd Suite 426, Sherman Oaks, CA 91403",818-369-4440,https://behaviortrend.com/,"['ABA therapy', 'Parent Training', 'Social Skills']","Medi-Cal, Private Insurance","[""Autism Spectrum Disorder"", ""Global Development Delay"", ""ADHD""]","[""0-5"", ""6-12"", ""13-18""]"
fac3b524-1d58-466b-a912-f61b0377d651,"Behavioral Autism Therapies, Llc","{""zip"": ""91766"", ""city"": ""Pomona"", ""state"": ""CA"", ""street"": ""21 Rancho Camino Dr #105""}",909-483-5000,https://www.behavioralautismtherapies.com/,"['ABA therapy', 'Parent training', 'Social skills']","{Aetna,""Blue Cross Blue Shield"",Beacon,""Blue Cross"",""Blue Shield""}","[""Autism Spectrum Disorder"", ""Global Development Delay"", ""ADHD""]","[""0-5"", ""6-12"", ""13-18"", ""19+""]"
6ec96222-5263-4712-8537-3cb2c8b62ac1,"Behavioral Health Works, Inc.","{""zip"": ""92805"", ""city"": ""Anaheim"", ""state"": ""CA"", ""street"": ""1301 E Orangewood Ave""}",800-249-1266,http://www.bhwcares.com/,"['ABA therapy', 'Parent Training', 'Social Skills', 'Speech therapy']","{Medi-Cal, Private Insurance}","[""Autism Spectrum Disorder"", ""ADHD"", ""Speech and Language Disorder"", ""Sensory Processing Disorder""]","[""0-5"", ""6-12"", ""13-18""]"
c2238da3-2cbe-4ec0-9c35-d34c40222b72,"Behavioral Learning Center, Inc.","{""zip"": ""93551"", ""city"": ""Palmdale"", ""state"": ""CA"", ""street"": ""41769 11th St W Suite A""}",661-254-7086,http://www.blcca.com/,"['ABA therapy', 'Parent Training', 'Social Skills']",{Cigna},"[""Autism Spectrum Disorder"", ""Global Development Delay"", ""ADHD""]","[""0-5"", ""6-12"", ""13-18""]"
19cb9001-5c8b-4f30-b609-8452af89ea5d,Behavioral Learning Network,"{""zip"": ""91436"", ""city"": ""Encino"", ""state"": ""CA"", ""street"": ""16030 Ventura Blvd #300""}",310-933-4499,https://www.blnautism.com/locations/southern-california/,['ABA therapy'],"Medi-Cal, Private Insurance","[""Autism Spectrum Disorder"", ""Global Development Delay"", ""ADHD""]","[""0-5"", ""6-12"", ""13-18"", ""19+""]"
cf2a0734-2a1f-4819-bf7c-fb9682f7a756,Behavioral Learning Network,"16030 Ventura Blvd Suite 300 Encino, CA",310-933-4499,https://www.blnautism.com/locations/southern-california/,['ABA therapy'],"Medi-Cal, Private Insurance","[""Autism Spectrum Disorder"", ""Global Development Delay"", ""ADHD""]","[""0-5"", ""6-12"", ""13-18"", ""19+""]"
30edd794-8054-4687-90c2-7afbb4547d85,Beyond Words Speech & Language Services,"190 Park Ave, Long Beach, CA 90803",562-439-6244,https://www.beyondwordsservices.com/,['Speech therapy'],"Private Insurance: Cigna Healthcare, Blue Shield of California, Harbor Regional Center","[""Speech and Language Disorder"", ""Autism Spectrum Disorder"", ""Global Development Delay""]","[""0-5"", ""6-12"", ""13-18""]"
70f84afe-035a-477d-8ecf-72730bd63176,Beyond Words Speech & Language Services,"190 Park Ave, Long Beach,, CA 90803",562-439-6244,https://www.beyondwordsservices.com/,['Speech therapy'],"Private Insurance: Cigna Healthcare, Blue Shield of California, Harbor Regional Center","[""Speech and Language Disorder"", ""Autism Spectrum Disorder"", ""Global Development Delay""]","[""0-5"", ""6-12"", ""13-18""]"
a704a570-7698-4a0b-9fe7-32bdbbc25a2e,Bloom Pediatrics,"3110 Pennsylvania Ave, Santa Monica, CA 90404",310-494-6889,https://www.bloompediatrics.com/,['Occupational therapy'],Private Pay,"[""Autism Spectrum Disorder"", ""Global Development Delay"", ""ADHD""]","[""0-5"", ""6-12"", ""13-18""]"
bf06f5b7-f746-44ba-bdf7-9c6e03360e60,Blooming Voice Speech Therapy,"960 East Green Street, Suite L-2 Pasadena, CA, 91106",626-677-7939,https://www.bloomingvoice.com/,['Speech therapy'],"Regional Center, Private Pay","[""Speech and Language Disorder"", ""Autism Spectrum Disorder"", ""Global Development Delay""]","[""0-5"", ""6-12"", ""13-18""]"
f852f7b5-a0e9-4834-a171-3a9cb744feba,Bright Beginnings Pediatric Services,"5657 Wilshire Blvd. Suite 280 Los Angeles,, CA 90036",323-525-0247,https://brightbeginningsla.com/,"['Speech therapy', 'Feeding therapy']","Private Insurance, Private Pay","[""Autism Spectrum Disorder"", ""ADHD"", ""Speech and Language Disorder"", ""Sensory Processing Disorder""]","[""0-5"", ""6-12"", ""13-18""]"
5f98f4a2-a5ae-49cb-b5d4-22bdfde4fbeb,Brightview Behavioral Health Center,"{""zip"": ""91101"", ""city"": ""Pasadena"", ""state"": ""CA"", ""street"": ""35 N Lake Ave # 710""}","323-244-8300, 626-432-7270",http://www.brightviewbehavior.com/,['ABA therapy'],"Regional Center, Private Pay, Medicaid","[""Autism Spectrum Disorder"", ""Global Development Delay"", ""ADHD""]","[""0-5"", ""6-12"", ""13-18""]"
a32b586d-9099-4261-85b1-cd5065ebba88,BrightView Behavioral Health Services,"225 S Lake Ave
 Pasadena CA 91101-3005",323-244-8300,https://www.brightviewbehavior.com/,['ABA therapy'],"Regional Center, Private Pay, Medicaid","[""Autism Spectrum Disorder"", ""Global Development Delay"", ""ADHD""]","[""0-5"", ""6-12"", ""13-18""]"
42a21967-87ac-4c0e-b062-b2c777a2f08e,Building Blocks Therapy,"221 N San Dimas Ave Suite 219, San Dimas, CA 91773",909-519-8912,https://www.buildingblockstherapy4kids.com/,"['Occupational therapy', 'Physical therapy']",{Private Pay},"[""Autism Spectrum Disorder"", ""Global Development Delay"", ""ADHD""]","[""0-5"", ""6-12"", ""13-18""]"
64fa4d71-57af-418d-8407-8e0112c6c5ef,Butterfly Effects,"{""zip"": ""91801"", ""city"": ""Alhambra"", ""state"": ""CA"", ""street"": ""41 N Garfield Ave #207""}",866-530-5601,http://www.abaeffects.com/,['ABA therapy'],"{Aetna, Blue Cross Blue Shield, Cigna, TRICARE, United Healthcare}","[""Autism Spectrum Disorder"", ""Global Development Delay"", ""ADHD""]","[""0-5"", ""6-12"", ""13-18""]"
c8d9323f-5679-420e-a343-22948938f007,California Behavioral Care,"{""zip"": ""90041"", ""city"": ""Los Angeles"", ""state"": ""CA"", ""street"": ""1722 1/2 Colorado Blvd""}",323-744-1314,http://www.californiabehavioralcare.com/,"['ABA therapy', 'Parent Training']","{Aetna, Blue Cross Blue Shield, Cigna, Molina Healthcare, Medi-Cal, MHN, Anthem, Beacon Health System, Health Net, East LA Regional Center, United Healthcare}","[""Autism Spectrum Disorder"", ""Global Development Delay"", ""ADHD""]","[""0-5"", ""6-12"", ""13-18""]"
96dae721-6d47-44d7-ae7c-310463ee6f27,California Behavioral Treatment Center,"{""zip"": ""90048"", ""city"": ""Los Angeles"", ""state"": ""CA"", ""street"": ""6404 Wilshire Blvd # 1020""}",818-574-1440,http://www.cbtcalifornia.com/,"['ABA therapy', 'Parent Training', 'Social Skills']",Private Insurance,"[""Autism Spectrum Disorder"", ""Global Development Delay"", ""ADHD""]","[""0-5"", ""6-12"", ""13-18""]"
a4fbce8f-020d-4437-80da-6eb2fc0b3c7a,"California Pediatric & Family Services, Inc.","{""zip"": ""91702"", ""city"": ""Azusa"", ""state"": ""CA"", ""street"": ""326 E Foothill Blvd""}",626-812-0055,http://www.cal-peds.com/,"['ABA therapy', 'Parent Training', 'Social Skills']",{Private Insurance},"[""Autism Spectrum Disorder"", ""Global Development Delay"", ""ADHD""]","[""0-5"", ""6-12"", ""13-18""]"
042e548d-9ca3-4638-a661-179dc5af83f8,California Psychcare,"{""zip"": ""93551"", ""city"": ""Palmdale"", ""state"": ""CA"", ""street"": ""624 Commerce Ave STE E""}",888-320-1272,https://360behavioralhealth.com/city/palmdale/,"['ABA therapy', 'Parent Training', 'Social Skills']",{Medicaid},"[""Autism Spectrum Disorder"", ""Global Development Delay"", ""ADHD""]","[""0-5"", ""6-12"", ""13-18""]"
832eb727-9765-46f6-9fdc-be9da9505071,Can Do Kids,"3844 Culver Center Suite B Culver City,, CA 90232",310-204-8999,https://www.candokidstherapy.com/,"['Occupational therapy', 'Physical therapy', 'Speech therapy']",Private Insurance,"[""Autism Spectrum Disorder"", ""ADHD"", ""Speech and Language Disorder"", ""Sensory Processing Disorder""]","[""0-5"", ""6-12"", ""13-18"", ""19+""]"
e4b4ccff-855f-460c-8894-abfb0670430a,Carrico Pediatric Therapy,"1301 West Arrow Highway, Suite 130 San Dimas, Ca 91773",909-222-2745,https://carricopediatrictherapy.com/,"['Occupational therapy', 'Physical therapy', 'Speech therapy']",Private Pay,"[""Autism Spectrum Disorder"", ""ADHD"", ""Speech and Language Disorder"", ""Sensory Processing Disorder""]","[""0-5"", ""6-12"", ""13-18""]"
c4951d77-dc12-4f55-baff-947bf53862e1,Castillo Behavior Services,"{""zip"": ""93551"", ""city"": ""Palmdale"", ""state"": ""CA"", ""street"": ""624 Commerce Ave STE E""}",818-294-2004,https://360behavioralhealth.com/city/palmdale/,['ABA therapy'],"LA Care, HealthNet, Anthem Commercial","[""Autism Spectrum Disorder"", ""Global Development Delay"", ""ADHD""]","[""0-5"", ""6-12"", ""13-18""]"
fe6df3cd-0491-47d1-8580-ff923a1281da,Cayla Kurland Speech Pathology,"3685 Motor Ave Ste 120, Los Angeles, CA 90034",424-603-4055,https://www.ckspeech.com/,['Speech Therapy'],"Private Pay, Private Insurance","[""Speech and Language Disorder"", ""Autism Spectrum Disorder"", ""Global Development Delay""]","[""0-5"", ""6-12"", ""13-18""]"
54a09117-7544-455b-985f-97e9856b0356,Cbc Education,"{""zip"": ""91776"", ""city"": ""San Gabriel"", ""state"": ""CA"", ""street"": ""222 E Las Tunas Dr""}",805-277-3392,https://cbceducation.net/,['ABA therapy'],"Private Pay, Private Insurance","[""Autism Spectrum Disorder"", ""Global Development Delay"", ""ADHD""]","[""0-5"", ""6-12"", ""13-18""]"
6f8cd205-5e67-42bf-8fcd-d9ac83f9e175,CBC Education Inc.,"3626 Santa Anita Ave #208 El Monte, CA 91731",626-444-4840,https://cbceducation.net/,['ABA therapy'],"Private Pay, Private Insurance","[""Autism Spectrum Disorder"", ""Global Development Delay"", ""ADHD""]","[""0-5"", ""6-12"", ""13-18""]"
e04f3d9e-05cc-4643-84d6-582f3921ec57,CBC Education Inc.,"222 E Las Tunas Dr, San Gabriel, CA 91776",626-320-1317,https://cbceducation.net/,['ABA therapy'],"Private Pay, Private Insurance","[""Autism Spectrum Disorder"", ""Global Development Delay"", ""ADHD""]","[""0-5"", ""6-12"", ""13-18""]"
1c08d58c-2774-454f-bd87-645de3efde71,"Center For Applied Behavior Analysis, Llc","{""zip"": ""90064"", ""city"": ""Los Angeles"", ""state"": ""CA"", ""street"": ""11150 W Olympic Blvd # 1160""}",310-997-0571,http://www.centerforaba.com/,"['ABA therapy', 'Social skills']","Aetna, Anthem Blue Cross, Beacon, Blue Shield of CA, Cigna Behavioral Health, Kaiser, LA Care, Managed Health Network, Magellan","[""Autism Spectrum Disorder"", ""Global Development Delay"", ""ADHD""]","[""All Ages""]"
2286b6a0-f88c-4b30-ba59-7c6bdc738fdd,Center For Autism & Related Services,"5949 Lankershim Blvd, North Hollywood, CA 91601",323-850-7177,https://www.center4autism.com/,"['ABA therapy', 'Parent Training', 'Social Skills']",Private Insurance,"[""Autism Spectrum Disorder"", ""Global Development Delay"", ""ADHD""]","[""0-5"", ""6-12"", ""13-18"", ""19+""]"
76214df8-8d26-4b11-bddc-6b3f4ce2e8d0,Center for Autism and Related Disorders,"5959 CA-27 #125, Woodland Hills, CA 91367",818-960-0633,https://centerforautism.com/,['ABA therapy'],"Private Insurance, Private Pay","[""Autism Spectrum Disorder"", ""Global Development Delay"", ""ADHD""]","[""All Ages""]"
1c0b4249-ea16-4a3c-a530-cadf1938f43c,Center for Autism and Related Disorders,"1212 N San Dimas Canyon Rd, San Dimas A 91773",626-345-6455,https://centerforautism.com/locations/california/san-dimas-california/,"['ABA therapy', 'Parent Training', 'Social Skills']",Private Insurance,"[""Autism Spectrum Disorder"", ""Global Development Delay"", ""ADHD""]","[""All Ages""]"
faeed680-b017-4530-9da8-e654b64d383c,Center For Autism and Related Disorders,"1201 S Victory Blvd
 Burbank CA 91502-2788",747-257-0301,https://centerforautism.com/,['ABA therapy'],"Aetna, Anthem Blue Cross, TRICARE, Blue Cross Blue Shield, Carelon, Cigna, Mercy Care, Optum, United Healthcare","[""Autism Spectrum Disorder"", ""Global Development Delay"", ""ADHD""]","[""All Ages""]"
16d1fede-e143-493e-b5d7-38813a4ca88c,Center For Autism and Related Disorders,"242 W Foothill Blvd. Monrovia, CA 91016",626-671-8866,https://centerforautism.com/,['ABA therapy'],"Aetna, Anthem Blue Cross, TRICARE, Blue Cross Blue Shield, Carelon, Cigna, Mercy Care, Optum, United Healthcare","[""Autism Spectrum Disorder"", ""Global Development Delay"", ""ADHD""]","[""All Ages""]"
e57af07c-3b56-4591-89ad-94d43846b3bf,Center For Autism and Related Disorders,"931 Buena Vista St
 Duarte CA 91010-1712",626-671-8866,https://centerforautism.com/,['ABA therapy'],"Aetna, Anthem Blue Cross, TRICARE, Blue Cross Blue Shield, Carelon, Cigna, Mercy Care, Optum, United Healthcare","[""Autism Spectrum Disorder"", ""Global Development Delay"", ""ADHD""]","[""All Ages""]"
c0a1037f-45c4-42ce-8cd5-985f30f1caa7,Center for Developing Kids,"2555 East Colorado Building Pasadena, CA 91107",626-564-2700,https://centerfordevelopingkids.com/,"['Occupational therapy', 'Physical therapy', 'Speech therapy']","Regional Center, Private Insurance","[""Autism Spectrum Disorder"", ""ADHD"", ""Speech and Language Disorder"", ""Sensory Processing Disorder""]","[""All Ages""]"
e502c603-c979-4f4d-ae47-04138fac9413,Center for Infant Tethered Oral Ties,"2318 Huntington Dr, San Marino, Ca 91108",626-940-4245,https://oralties.com/,['Occupational therapy'],"Regional Center, Private Pay","[""Autism Spectrum Disorder"", ""ADHD"", ""Speech and Language Disorder"", ""Sensory Processing Disorder""]","[""0-5""]"
7b6b75fe-0d4b-4bac-a6f7-df094a74d940,Channel To Words Speech Therapy Inc,"2009 Whittier Blvd, Montebello, CA 90640",323-767-4849,https://channeltowords.com/,['Speech therapy'],Private Pay,"[""Speech and Language Disorder"", ""Autism Spectrum Disorder"", ""Global Development Delay""]","[""0-5"", ""6-12"", ""13-18""]"
ecf3ca4a-e50c-43e4-b8a0-560caa0b6e3e,Channel To Words Speech Therapy Inc,"2009 Whittier Blvd, Montebello,, CA 90640",323-767-4849,https://channeltowords.com/,['Speech therapy'],Private Pay,"[""Speech and Language Disorder"", ""Autism Spectrum Disorder"", ""Global Development Delay""]","[""0-5"", ""6-12"", ""13-18""]"
cf883259-eb45-4764-8f21-507a4757446f,Chatterbox Speech Therapy,"5181 Overland Ave Culver City, CA",310-963-0552,https://www.chatterboxca.com/,['Speech therapy'],"Private Insurance: Optum, Altamed, OmniCare, Kaiser Permanente, Blue Shield of California (PPO only), TRICARE, United Healthcare (PPO only), Greater Newport Physicians, MemorialCare Select, MemorialCare Medical Foundation","[""Speech and Language Disorder"", ""Autism Spectrum Disorder"", ""Global Development Delay""]","[""0-5"", ""6-12""]"
d1c2d64b-7c61-4202-b501-df0e90f0d51c,Child Counseling And Behavior Therapy Clinic The Speech Pathology Group,"{""zip"": ""91436"", ""city"": ""Encino"", ""state"": ""CA"", ""street"": ""15760 Ventura Blvd""}",818-788-2388,https://spgtherapy.com/,"['Speech therapy', 'Occupational therapy', 'Physical therapy']",Private Insurance,"[""Autism Spectrum Disorder"", ""ADHD"", ""Speech and Language Disorder"", ""Sensory Processing Disorder""]","[""All Ages""]"
4d6c0f00-44e7-48cf-8a41-63fd8d4375d2,Child Success Center,"2023 S Westgate Ave, Los Angeles, CA 90025",310-899-9597,https://childsuccesscenter.com/,"['Occupational therapy', 'Speech therapy', 'Feeding therapy', 'Behavioral therapy', 'Educational therapy']",Private Pay,"[""Autism Spectrum Disorder"", ""ADHD"", ""Speech and Language Disorder"", ""Sensory Processing Disorder""]","[""0-5"", ""6-12"", ""13-18""]"
6d872509-e327-4d22-9688-2b7f9a9d33d5,Children’s Developmental Milestones,"21241 Ventura Blvd. Suite 187 Woodland Hills, CA 91364",818-203-5063,https://www.cdmtherapy.com/,"['ABA therapy', 'Adaptive Skills', 'School Support']",Private Insurance,"[""Autism Spectrum Disorder"", ""Global Development Delay"", ""ADHD""]","[""0-5"", ""6-12"", ""13-18""]"
945b3fb5-6c6f-4772-a8fe-8de68b463222,Children's Learning Connection,"25201 Paseo De Alicia #110, Laguna Hills,, CA 92653",949-793-7375,https://www.childrenslearningconnection.com/,"['ABA therapy', 'Occupational therapy', 'Physical therapy', 'Speech therapy', 'Telehealth']","Medi-Cal, Private Insurance, Private Pay","[""Autism Spectrum Disorder"", ""ADHD"", ""Speech and Language Disorder"", ""Sensory Processing Disorder""]","[""0-5"", ""6-12"", ""13-18""]"
14f8a8b7-0a13-46c9-9cf2-8fb13541af0b,Children's Learning Connection,"3111 N Tustin St #100, Orange,, CA 92865",714-835-5587,https://www.childrenslearningconnection.com/,"['ABA therapy', 'Occupational therapy', 'Physical therapy', 'Speech therapy', 'Telehealth']","Medi-Cal, Private Insurance, Private Pay","[""Autism Spectrum Disorder"", ""ADHD"", ""Speech and Language Disorder"", ""Sensory Processing Disorder""]","[""0-5"", ""6-12"", ""13-18""]"
eea0e505-0498-46bc-ae37-aba26167fce8,Children's Learning Connection,"5312 Bolsa Ave #105, Huntington Beach,, CA 92649",714-965-2324,https://www.childrenslearningconnection.com/,"['ABA therapy', 'Occupational therapy', 'Physical therapy', 'Speech therapy', 'Telehealth']","Medi-Cal, Private Insurance, Private Pay","[""Autism Spectrum Disorder"", ""ADHD"", ""Speech and Language Disorder"", ""Sensory Processing Disorder""]","[""0-5"", ""6-12"", ""13-18""]"
0b6928e0-10ed-4802-9d5e-be329ae59899,Cielo Behavior Services,"1600 Potrero Grande Dr # 7, Rosemead, CA 91770",951-624-7630,https://www.cielobehavior.com,['Behavior therapy'],Private Insurance,"[""Autism Spectrum Disorder"", ""ADHD"", ""Sensory Processing Disorder""]","[""0-5"", ""6-12"", ""13-18""]"
336bb54b-f4cf-4b39-a15b-cefa7cf6a204,Community Autism Services,"8939 S Sepulveda Blvd # 324, Los Angeles,, CA 90045",310-483-7241,https://thesteppingstonesgroup.com/california-autism-services/west-los-angeles/,['ABA therapy'],"Medicaid, Aetna, CalOptima Health, CA Care Health Plan, Blue Shield of California, Health Net, Magellan Health, Carelon Behavioral Health, Anthem Blue Cross, Beacon Health Options, CenCal Health, United Behavioral Health, Partnership Healthplan of California, TRICARE, Evernorth, Molina HealthCare","[""Autism Spectrum Disorder"", ""Global Development Delay"", ""ADHD""]","[""0-5""]"
99cd0d5f-38e6-41cc-9a83-53bccd3d1914,"Comprehensive Educational Services, Inc. Dba (Aces)","{""zip"": ""90807"", ""city"": ""Long Beach"", ""state"": ""CA"", ""street"": ""4300 Long Beach Blvd Suite 100""}",949-833-2237,https://www.acesaba.com/location-long-beach/,['ABA therapy'],"{Aetna,""Blue Cross Blue Shield"",Beacon,""Blue Cross"",""Blue Shield""}","[""Autism Spectrum Disorder"", ""Global Development Delay"", ""ADHD""]","[""0-5"", ""6-12"", ""13-18""]"
f890eee1-0100-4636-a566-4b064ae37a91,Connecting Dot by Dot Inc.,1521 E. Cameron Ave. Suite 250 West Covina CA 91790,626-231-0502,https://connectingdotbydot.com/,['ABA therapy'],"{'Medi-Cal', 'Private Insurance'}","[""Autism Spectrum Disorder"", ""Global Development Delay"", ""ADHD""]","[""0-5"", ""6-12"", ""13-18""]"
547cfcd5-a193-4c26-83c9-a0e170cc9e6a,"Connecting Dot By Dot, Inc.","{""zip"": ""91790"", ""city"": ""West Covina"", ""state"": ""CA"", ""street"": ""1521 W Cameron Ave suite 250""}",818-458-5836,http://www.connectingdotbydot.com/,['ABA therapy'],"{MHN,Aetna,Magellan,Cigna,""Health Net"",""Blue Cross"",Molina,Humana,Medi-Cal,Anthem}","[""Autism Spectrum Disorder"", ""Global Development Delay"", ""ADHD""]","[""0-5"", ""6-12"", ""13-18""]"
517ee923-a1aa-41ad-b9b6-792d8a266a45,Cortica,21515 Hawthorne Blvd Torrance CA 90503-6501,424-571-2618,https://www.corticacare.com/locations/ca/glendale,['ABA therapy'],Private Insurance,"[""Autism Spectrum Disorder"", ""Global Development Delay"", ""ADHD""]","[""0-5"", ""6-12"", ""13-18""]"
f17e37c3-c6fb-4b45-9e3b-b17a9008385a,Cortica,"21515 Hawthorne Blvd Torrance, CA 90503-6501",424-571-2618,https://www.corticacare.com/locations/ca/glendale,['ABA therapy'],Private Insurance,"[""Autism Spectrum Disorder"", ""Global Development Delay"", ""ADHD""]","[""0-5"", ""6-12"", ""13-18""]"
83bfef4c-1468-4ad2-8fcb-bbb3533a7b03,"Creative Behavioral Consultants, Inc.","{""zip"": ""91367"", ""city"": ""Woodland Hills"", ""state"": ""CA"", ""street"": ""22055 Clarendon St # 208""}",818-932-9644,https://www.cbc-autism.com/,"['ABA therapy', 'Parent training']","{Medi-Cal, Aetna, Anthem BlueCross, Beacon Health Options, BlueCross of California, Cigna, Evernorth, Gold Coast Health Plan, Health Net, LA Care, Magellan Healthcare, MHN a Health Net Company, Molina Healthcare, United Behavioral Health}","[""Autism Spectrum Disorder"", ""Global Development Delay"", ""ADHD""]","[""All Ages""]"
1a133a2f-0c5f-42db-8557-e1f303e9dda7,Cubik Minds,"20936 Devonshire Street Suite C Chatsworth, CA 91311",707-737-3737,https://www.cubikminds.com/,['ABA therapy'],"Medi-Cal, Private Pay","[""Autism Spectrum Disorder"", ""Global Development Delay"", ""ADHD""]","[""0-5"", ""6-12"", ""13-18""]"
e35158dc-6537-4abc-a314-a27ed723d1b2,Danielle M. Cirrone,"9415 Culver Blvd #160, Culver City,, CA 90232",424-385-8404,https://www.daniellemcirroneslp.com/,['Speech therapy'],Private Pay,"[""Speech and Language Disorder"", ""Autism Spectrum Disorder"", ""Global Development Delay""]","[""0-5"", ""6-12"", ""13-18""]"
45ce81ec-a5db-4228-b925-418c5eff7a07,DG Therapy Group,"12411 Slauson Ave, Whittier,, CA 90606",562-693-5449,https://dgtherapy.com/,"['Occupational therapy', 'Physical therapy', 'Speech therapy']","Medi-Cal only through Kaiser, Private Insurance: Kaiser, Blue Cross, Blue Shield, United Healthcare","[""Autism Spectrum Disorder"", ""ADHD"", ""Speech and Language Disorder"", ""Sensory Processing Disorder""]","[""0-5"", ""6-12"", ""13-18""]"
5681c478-16ee-41c9-b747-5b35d0f0edad,DG Therapy Group,"12411 Slauson Ave, Whittier, CA 90606",562-693-5449,https://dgtherapy.com/,"['Occupational therapy', 'Physical therapy', 'Speech therapy']","Medi-Cal only through Kaiser, Private Insurance: Kaiser, Blue Cross, Blue Shield, United Healthcare","[""Autism Spectrum Disorder"", ""ADHD"", ""Speech and Language Disorder"", ""Sensory Processing Disorder""]","[""0-5"", ""6-12"", ""13-18""]"
f8add5b8-ee72-4ae7-a479-7d51d2a962a1,Dream Big Children’s Center,"612 S Myrtle Ave
Monrovia CA 91016-3406",626-775-7888,https://dreambigchildren.com/,['ABA therapy'],"Regional Center, Private Pay, Medi-Cal, Blue Cross, Blue Shield, Anthem, L.A. , Health Net, MHN, Magellan Health","[""Autism Spectrum Disorder"", ""Global Development Delay"", ""ADHD""]","[""0-5""]"
37db649d-7404-4987-9fcc-f3d5a71781e7,DV Therapy,"1080 S La Cienega Blvd #208, Los Angeles,, CA 90035",323-426-6402,https://www.dvtherapy.com/,"['ABA therapy', 'Speech therapy', 'Occupational therapy']",Private Insurance,"[""Autism Spectrum Disorder"", ""ADHD"", ""Speech and Language Disorder"", ""Sensory Processing Disorder""]","[""0-5"", ""6-12"", ""13-18""]"
27c12acd-c902-41df-834b-cdb339e84b7a,DV Therapy,"410 E Merced Ave Unit E West Covina, Ca 91790",323-426-6402,https://www.dvtherapy.com/,"['ABA therapy', 'Speech therapy', 'Occupational therapy']", Private Pay,"[""Autism Spectrum Disorder"", ""ADHD"", ""Speech and Language Disorder"", ""Sensory Processing Disorder""]","[""0-5"", ""6-12"", ""13-18""]"
3636ef10-c669-477c-b3d9-8c2086de2918,DV Therapy,"11627 Telegraph Rd #125, Santa Fe Springs,, CA 90670",323-426-6402,https://www.dvtherapy.com/,"['ABA therapy', 'Speech therapy', 'Occupational therapy']",Private Insurance,"[""Autism Spectrum Disorder"", ""ADHD"", ""Speech and Language Disorder"", ""Sensory Processing Disorder""]","[""0-5"", ""6-12"", ""13-18""]"
52b62ade-f2d6-4cfb-81b7-d3c921afcd6f,Empowering Families,"504 W Baseline Rd., Suite A Glendora, CA 91740",626-512-5292,https://www.empowering-families.com/,"['Occupational therapy', 'Physical therapy']",Private Insurance,"[""Autism Spectrum Disorder"", ""ADHD"", ""Speech and Language Disorder"", ""Sensory Processing Disorder""]","[""0-5"", ""6-12"", ""13-18""]"
b1deea57-ef55-41dc-9fa4-bd6c942ff530,Enrichment Intervention Family Center,"21051 Warner Center Lane, Suite 100 Woodland Hills, CA 91367",424-400-4119,https://eifcenter.com/,"['ABA therapy', 'Early Intervention', 'Parent Training', 'Social Skills']",Private Insurance,"[""Autism Spectrum Disorder"", ""Global Development Delay"", ""ADHD""]","[""0-5"", ""6-12"", ""13-18""]"
376e83d6-061f-484b-a81b-dca71fca1c0b,Exceptional Children Foundation,"{""zip"": ""90230"", ""city"": ""Culver City"", ""state"": ""CA"", ""street"": ""10918 Barman Ave""}",310-773-9371,https://ecf.net/,"['Speech therapy', 'Occupational therapy', 'Educational therapy']",{},"[""Autism Spectrum Disorder"", ""ADHD"", ""Speech and Language Disorder"", ""Sensory Processing Disorder""]","[""All Ages""]"
13b56cda-2282-4d03-84b5-390e411bb3e8,Fabi Moy Speech Pathology,"3816 Woodruff Ave #201, Long Beach,, CA 90808",562-260-8627,https://fabimoy.com/,"['Speech therapy', 'Feeding therapy']",Private Pay,"[""Speech and Language Disorder"", ""Autism Spectrum Disorder"", ""Global Development Delay""]","[""0-5""]"
c18dc9b9-1f5f-4389-b7fe-e347943ea047,Familias First,"222 E. Las Tunas Drive, San Gabriel, CA 91776",626-320-1317,https://familiasfirst.com/,['ABA therapy'],"Medi-Cal, Private Pay, Private Insurance","[""Autism Spectrum Disorder"", ""Global Development Delay"", ""ADHD""]","[""0-5"", ""6-12"", ""13-18""]"
70dd31ac-48ab-46e8-a5c8-93b3e5219fb2,Familias First: Tello & Associates Corporation,"{""zip"": ""91776"", ""city"": ""San Gabriel"", ""state"": ""CA"", ""street"": ""222 E Las Tunas Dr""}","626-444-4840, 626-320-1317",http://www.familiasfirst.com/,['ABA therapy'],"Regional Center, Private Pay","[""Autism Spectrum Disorder"", ""Global Development Delay"", ""ADHD""]","[""0-5"", ""6-12"", ""13-18""]"
4961e8b0-a806-41bb-959c-7603e6b27030,Family Care Spectrum Therapies,"{""zip"": ""90230"", ""city"": ""Culver City"", ""state"": ""CA"", ""street"": ""5800 Hannum Ave suite b""}",323-828-9551,https://www.familycarest.com/,"['ABA therapy', 'Parent training']",Private Insurance,"[""Autism Spectrum Disorder"", ""Global Development Delay"", ""ADHD""]","[""0-5"", ""6-12"", ""13-18""]"
762ce4a7-3bef-405a-8b05-a7fe134a047b,Family First Speech & Language Center,"2700 E. Foothill Blvd Suite 201, Pasadena CA 91107",818-960-7002,https://www.familyfirstslc.com/,['Speech therapy'],"Regional Center, Private Pay","[""Speech and Language Disorder"", ""Autism Spectrum Disorder"", ""Global Development Delay""]","[""0-5""]"
d6cfef27-0496-4291-a52d-f0c9fb17af51,FirstSteps for Kids,"3280 Motor Ave Suite 110, Los Angeles, CA 90034",424-672-6700,https://firststepsforkids.com/,"['ABA therapy', 'Feeding therapy', 'Social skills training']","Private Pay, Private Insurance","[""Autism Spectrum Disorder"", ""Global Development Delay"", ""ADHD"", ""Sensory Processing Disorder""]","[""0-5"", ""6-12"", ""13-18""]"
e48ea80a-98e0-4d57-8489-f7024c704c65,"Firststeps For Kids, Inc.","5741 Las Virgenes Rd, Calabasas, CA 91302",818-712-8250,https://firststepsforkids.com/,"['ABA therapy', 'Feeding therapy', 'Social skills training']","Private Pay, Private Insurance","[""Autism Spectrum Disorder"", ""Global Development Delay"", ""ADHD"", ""Sensory Processing Disorder""]","[""0-5"", ""6-12"", ""13-18""]"
a767cf76-31bf-4d81-b3c2-c5c375ea3a4d,"Flex Learning, Llc","{""zip"": ""90807"", ""city"": ""Long Beach"", ""state"": ""CA"", ""street"": ""3777 Long Beach Blvd #400""}",562-661-8900,http://www.learningtreetherapy.com/,"['ABA therapy', 'Parent training']",{Anthem},"[""Autism Spectrum Disorder"", ""Global Development Delay"", ""ADHD"", ""Sensory Processing Disorder""]","[""0-5"", ""6-12"", ""13-18""]"
4afc59f0-3aae-431a-8202-d7cfaa01d495,FMRC Health Group,"1626 Centinela Ave Suite 108, Inglewood, CA, 90302",323-229-6025,https://fmrchealth.com/,"['Speech therapy', 'Feeding therapy']","Private Insurance: North Los Angeles County Regional Center, Westside Regional Center, Signa, Optum, United Healthcare","[""Autism Spectrum Disorder"", ""ADHD"", ""Speech and Language Disorder"", ""Sensory Processing Disorder""]","[""0-5"", ""6-12"", ""13-18""]"
c88b8cfa-40bd-4a46-aec7-30b579609174,"Foothill Child Development Services, Inc.","{""zip"": ""91406"", ""city"": ""Van Nuys"", ""state"": ""CA"", ""street"": ""16946 Sherman Way""}",818-353-3772,http://www.foothillchild.com/,"['ABA therapy', 'Social skills', 'Parent training']",Private Insurance,"[""Autism Spectrum Disorder"", ""Other"", ""Global Development Delay"", ""ADHD"", ""Sensory Processing Disorder""]","[""0-5"", ""6-12"", ""13-18""]"
3365bf0f-9b3b-4ef1-bfd1-3b13c15f61ad,Forward Behavior,"In-Home, Virtual",323-825-7172,https://www.forwardbehavior.com/,"['ABA therapy', 'Physical therapy', 'Early intervention', 'Adaptive skills training', 'Functional behavior assessment']","Private Pay, Private Insurance","[""Autism Spectrum Disorder"", ""Global Development Delay"", ""ADHD"", ""Sensory Processing Disorder""]","[""0-5"", ""6-12"", ""13-18""]"
19b74292-6bb3-42ab-bdd3-09bc8a248c47,"Forward Behavior & Play, LLC",In home or at school,323-825-7172,https://www.forwardbehavior.com/,['ABA therapy'],"Medi-Cal, Private Insurance, Private Pay","[""Autism Spectrum Disorder"", ""Global Development Delay"", ""ADHD"", ""Sensory Processing Disorder""]","[""All Ages""]"
92348126-6366-451f-9a29-f640728adef5,"Forward Behavior & Play, LLC",In home or at school,323-825-7172,https://www.forwardbehavior.com/,['ABA therapy'],"Medi-Cal, Private Insurance, Private Pay","[""Autism Spectrum Disorder"", ""Global Development Delay"", ""ADHD"", ""Sensory Processing Disorder""]","[""All Ages""]"
e845cb48-1035-42de-81b3-409aa848746e,Go Behavioral,"506 Spring St #13308, Los Angeles, CA 90013",888-988-0520,https://gobehavioral.com/,"['ABA therapy', 'Parent child interaction therapy/parent training behavior management', 'Early intervention']",Private Insurance,"[""Autism Spectrum Disorder"", ""Global Development Delay"", ""ADHD"", ""Sensory Processing Disorder""]","[""0-5"", ""6-12"", ""13-18""]"
267de4d5-5db0-4a15-aaf1-a59ab98fba9e,Graceful Expression,"600 N Rosemead Blvd #224, Pasadena, CA 91107",323-209-5108,http://graceful-expression.com/,['Speech therapy'],"Regional Center, Private Pay","[""Speech and Language Disorder"", ""Autism Spectrum Disorder"", ""Global Development Delay""]","[""0-5""]"
bedd6241-e90d-4cdc-9af0-1c75e0394de1,Harmony Speech Therapy & Diagnostics,"315 Arden Ave Glendale, CA 91203
10200 Sepulveda Blvd Suite 320 Mission Hills, CA 91345",818-478-1026,https://www.harmonyspeechtherapy.com/contacts/,['Speech therapy'],"Regional Center, Private Pay","[""Speech and Language Disorder"", ""Autism Spectrum Disorder"", ""Global Development Delay""]","[""All Ages""]"
7d30fbc5-bc37-4e50-99ac-64f3018a9f1e,Hidden Treasures ABA Therapy Services,"6310 San Vicente Blvd Suite 300, Los Angeles,, CA 90048",323-693-1600,https://www.htaba.com/,['ABA therapy'],"Medi-Cal, Private Insurance","[""Autism Spectrum Disorder"", ""Global Development Delay"", ""ADHD"", ""Sensory Processing Disorder""]","[""0-5"", ""6-12"", ""13-18""]"
96f48f2f-d69a-4fc4-9bf0-ee85e16a0811,Holding Hands Pediatric Therapy & Adult Services,"2101 N Glenoaks Blvd, Burbank, CA 91504",818-848-8825,https://www.holdinghandsinc.com/,"['ABA therapy', 'AST', 'M-CBI', 'Social Skills Training']",Private Insurance,"[""Autism Spectrum Disorder"", ""Global Development Delay"", ""ADHD"", ""Sensory Processing Disorder""]","[""0-5"", ""6-12"", ""13-18""]"
93cee3ea-d70c-436e-baf4-abe9c84c41b0,Holding Hands Pediatric Therapy & Diagnostics,2115 Beverly Blvd Los Angeles CA 90057-2203,213-204-6514,https://www.holdinghandsinc.com/,['ABA therapy'],"Medi-Cal, Private Insurance","[""Autism Spectrum Disorder"", ""Global Development Delay"", ""ADHD"", ""Sensory Processing Disorder""]","[""All Ages""]"
0e2da6ae-e515-47cc-bc64-0e749a352366,Holding Hands Pediatric Therapy & Diagnostics,"2115 Beverly Blvd Los Angeles, CA 90057-2203",213-204-6514,https://www.holdinghandsinc.com/,['Floor-time therapy'],"Medi-Cal, Private Insurance","[""Autism Spectrum Disorder"", ""Global Development Delay"", ""ADHD"", ""Sensory Processing Disorder""]","[""0-5"", ""6-12"", ""13-18""]"
d2931213-3ab2-4210-977b-cbb76e544dcd,"Holding Hands, Inc.","{""zip"": ""90057"", ""city"": ""Los Angeles"", ""state"": ""CA"", ""street"": ""2115 Beverly Blvd""}",323-938-3434 ext. 118,http://holdinghandsinc.com/,"['ABA therapy', 'AST', 'M-CBI', 'Social Skills Training']","Aetna, Anthem Blue Cross, Blue Shield of California/ Magellan Blueshield Promise Health Care First, Cigna/Cigna Behavioral Health, The Holman Group, LA Care Health Plan, Kaiser Foundation Health Plan Inc. MHN/Healthnet, United Healthcare/United Behavioral Health","[""Autism Spectrum Disorder"", ""Global Development Delay"", ""ADHD"", ""Sensory Processing Disorder""]","[""0-5"", ""6-12"", ""13-18""]"
1a41ad91-9bc0-4e1b-915d-d19f4e565750,Howard Chudler & Assoc.,"{""zip"": ""91724"", ""city"": ""Covina"", ""state"": ""CA"", ""street"": ""1274 Center Ct Dr #211""}",714-529-2549,http://www.alorabh.com/,['ABA therapy'],"{Molina Healthcare, Anthem Blue Cross, Easterseals Southern California, LA Care, IEHP, Kaiser Permanente, Molina Healthcare, Anthem BlueCross}","[""Autism Spectrum Disorder"", ""Global Development Delay"", ""ADHD""]","[""0-5"", ""6-12"", ""13-18""]"
25539d90-3004-4e24-99e4-6d364056fb11,Hyperion Behavioral Health,"410 Arden Ave
 Glendale CA 91203-1127",818-275-2587,https://www.hyperioncenter.com/,['Physical therapy'],"Regional Center, Private Pay, Medi-Cal, Blue Cross, Blue Shield, Anthem, Aetna, Cigna, Health Net, Molina","[""Autism Spectrum Disorder"", ""Global Development Delay"", ""ADHD"", ""Sensory Processing Disorder""]","[""All Ages""]"
6a547be1-949b-4b4a-b825-2db087701dc5,Hyperion Behavioral Health Center,"{""zip"": ""90038"", ""city"": ""Los Angeles"", ""state"": ""CA"", ""street"": ""1224 Vine St""}",818-274-2587,https://www.hyperioncenter.com/,['Physical therapy'],"Regional Center, Private Pay, Medi-Cal, Blue Cross, Blue Shield, Anthem, Aetna, Cigna, Health Net, Molina","[""Autism Spectrum Disorder"", ""Global Development Delay"", ""ADHD"", ""Sensory Processing Disorder""]","[""All Ages""]"
07bf7ad3-046a-4907-979b-d3f456f8503f,Ican-B,"{""zip"": ""91406"", ""city"": ""Van Nuys"", ""state"": ""CA"", ""street"": ""7141 Woodley Ave""}",818-616-1069,http://ican-b.com/,"['ABA therapy', 'Parent training']",Private Insurance,"[""Autism Spectrum Disorder"", ""Global Development Delay"", ""ADHD"", ""Sensory Processing Disorder""]","[""All Ages""]"
fd2dbbb2-a96e-4b2d-8b66-194595afd2fe,Igcn Healthcare Partners,"1605 W Olympic Blvd Los Angeles, CA 90015",323-433-4165,https://igcnhcp.com/,"['ABA therapy', 'Social skills', 'Parent training']","Private Insurance, Private Pay, Regional Center","[""Autism Spectrum Disorder"", ""Global Development Delay"", ""ADHD"", ""Sensory Processing Disorder""]","[""All Ages""]"
15a5b482-97a0-4ae4-9f2b-357dbc8a459c,Inclusive Education & Community Partnership,"{""zip"": ""91401"", ""city"": ""Sherman Oaks"", ""state"": ""CA"", ""street"": ""13130 Burbank Blvd""}",805-985-4808,http://www.thehelpgroup.org/,"[""ABA therapy"", ""Social skills""]",Private Insurance,"[""Autism Spectrum Disorder"", ""Global Development Delay"", ""ADHD"", ""Sensory Processing Disorder""]","[""0-5"", ""6-12"", ""13-18""]"
535ab107-2bde-4fc9-9921-a820ba5e2a62,"Inizio Interventions, Inc.","1101 Fremont Ave
 South Pasadena CA 91030-3290
  
 1433 La Canada CA 91011-2109",818-937-0882,,['ABA therapy'],"Regional Center, Private Pay, Medicaid","[""Autism Spectrum Disorder"", ""Global Development Delay"", ""ADHD"", ""Sensory Processing Disorder""]","[""0-5"", ""6-12"", ""13-18""]"
ec6ece24-5a08-40e5-8db6-574dff25e731,Innovative Behavioral Therapies,"{""zip"": ""90010"", ""city"": ""Los Angeles"", ""state"": ""CA"", ""street"": ""3700 Wilshire Blvd #435""}",800-807-0305,https://abatherapies.com/,['ABA therapy'],"Medi-Cal, CalOptima","[""Autism Spectrum Disorder"", ""Global Development Delay"", ""ADHD"", ""Sensory Processing Disorder""]","[""0-5"", ""6-12"", ""13-18""]"
e65926d9-64a8-473f-ba22-7c4cfcdfef17,Inspira Behavior And Advocacy Specialists,"{""zip"": ""90602"", ""city"": ""Whittier"", ""state"": ""CA"", ""street"": ""8135 Painter Ave # 201""}",844-467-7763,https://inspirabehavior.com,"['ABA therapy', 'Parent training']","{CalOptima, LA Care, Blue Shield of California, Kaiser Permanente, MHN, Anthem Blue Cross Blue shielf, North Los Angeles Country Regional Center}","[""Autism Spectrum Disorder"", ""Global Development Delay"", ""ADHD"", ""Sensory Processing Disorder""]","[""0-5"", ""6-12"", ""13-18""]"
c7b2d383-e989-4dc1-ac33-262aeda8ee67,Institute For Applied Behavior Analysis (Iaba),"{""zip"": ""90064"", ""city"": ""Los Angeles"", ""state"": ""CA"", ""street"": ""11150 W Olympic Blvd # 1160""}",310-649-0499,http://www.iaba.com/,"['ABA therapy', 'Social Skills training']","Anthem Blue Cross, Blue Shield of California, Health Net, Magellan Health, MHN","[""Autism Spectrum Disorder"", ""Global Development Delay"", ""ADHD"", ""Sensory Processing Disorder""]","[""0-5"", ""6-12"", ""13-18""]"
9ffb8149-4cf4-410e-b649-dc64676fe46d,Institute For Effective Behavioral Interventions (Iebi),"{""zip"": ""91403"", ""city"": ""Sherman Oaks"", ""state"": ""CA"", ""street"": ""15335 Morrison St""}",818-501-0822,http://www.iebionline.com/,"['Social Skills training', 'Parent training']","Anthem Blue Cross, Blue Shield of California, Care 1st Health Plan, Cigna, Kaiser Permanente, LA Care, Magellan Health Services, MHN, Molina Healthcare, North Los Angeles Countuy Regional Center, Frank D. Lanterman Regional Center","[""Autism Spectrum Disorder"", ""Global Development Delay"", ""ADHD"", ""Sensory Processing Disorder""]","[""0-5"", ""6-12"", ""13-18""]"
e57d169d-9f66-4a63-834b-6a96422413ca,Jabberdogs,"415 Huntington Dr. Suite 102 San Marino, Ca 91108",626-460-0281,https://www.jabberdogs.com/,"['Speech therapy', 'Occupational therapy', 'Feeding therapy']","Regional Center, Private Pay, Blue Shield of California PPO, Kaiser Permanente, TRICARE, Eastern Los Angeles Regional Center, Frank Lanterman Regional Center","[""Autism Spectrum Disorder"", ""ADHD"", ""Speech and Language Disorder"", ""Sensory Processing Disorder""]","[""0-5"", ""6-12"", ""13-18""]"
c84755f7-345c-4792-b871-ff8dca3b25b6,"Jade Behavioral Consultants, Inc.","{""zip"": ""92801"", ""city"": ""Anaheim"", ""state"": ""CA"", ""street"": ""2115 W Crescent Ave #244""}",714-829-4138,https://www.jadebehavioralconsultants.org/,"['ABA therapy', 'Parent training', 'Feeding therapy']","Medi-Cal, CalOptima","[""Autism Spectrum Disorder"", ""Global Development Delay"", ""ADHD""]","[""All Ages""]"
3e9b76c3-23f6-4a87-b948-bd690a05788b,JBA Institute,"65 Enterprise, Aliso Viejo, CA 92656",949-339-5708,https://jbainstitute.com/,['ABA therapy'],"Regional Center, Private Pay, Blue Cross, Anthem, Aetna, Cigna, United Healthcare","[""Autism Spectrum Disorder"", ""Global Development Delay"", ""ADHD"", ""Sensory Processing Disorder""]","[""All Ages""]"
546fccfc-dfe9-4bfd-ba13-79521e09b661,Jennifer Keany & Associates,"{""zip"": ""90045"", ""city"": ""Los Angeles"", ""state"": ""CA"", ""street"": ""8936 S Sepulveda Blvd Ste 200""}",310-287-0382,https://keanyassociates.com/,['Occupational Therapy'],"{TriCare, Private Pay}","[""Autism Spectrum Disorder"", ""Global Development Delay"", ""ADHD"", ""Sensory Processing Disorder""]","[""0-5"", ""6-12"", ""13-18""]"
e9094a8c-35ef-418f-8a7d-390fd3b928ac,Joyful Development,"8925 Cattaraugus Ave, Los Angeles, CA 90034",310-405-5110,https://joyful-development.com/,"['Occupational therapy', 'Physical therapy', 'Early intervention', 'Adaptive skills training']","Private Pay, Private Insurance","[""Autism Spectrum Disorder"", ""Global Development Delay"", ""ADHD"", ""Sensory Processing Disorder""]","[""0-5"", ""6-12"", ""13-18""]"
d0193740-3a03-49da-95fe-0f951f118104,Jump and Schout Therapy,"500 W Central Ave
Brea CA 92821-3027",714-529-5022,http://www.leannschouten.com/,"['Speech therapy', 'Occupational therapy', 'Physical therapy']",Private Insurance,"[""Autism Spectrum Disorder"", ""ADHD"", ""Speech and Language Disorder"", ""Sensory Processing Disorder""]","[""0-5"", ""6-12"", ""13-18""]"
646df6aa-a2cf-4df2-98f3-44380145196d,Kadiant,3745 Long Beach Blvd Long Beach CA 90807-3340,866-523-4268,https://www.kadiant.com/,['ABA therapy'],"United Healthcare, Cigna, Optum, Aetna, Anthem, Kaiser Permanente, Blue Cross Blue Shield","[""Autism Spectrum Disorder"", ""Global Development Delay"", ""ADHD"", ""Sensory Processing Disorder""]","[""0-5"", ""6-12"", ""13-18""]"
fa8ed0aa-eedc-4cb9-80b4-585ec0127c08,Kadiant,"3745 Long Beach Blvd Long Beach, CA 90807-3340",866-523-4268,https://www.kadiant.com/california,['ABA therapy'],Private Insurance,"[""Autism Spectrum Disorder"", ""Global Development Delay"", ""ADHD"", ""Sensory Processing Disorder""]","[""0-5"", ""6-12"", ""13-18""]"
7f93443c-e9c0-4bc0-ab2e-62251655e416,Keany Associates Behavior Intervention,8936 S Sepulveda Blvd Los Angeles CA 90045-3628,310-287-0382,https://keanyassociates.com/programs/behavior-intervention,"['ABA therapy', 'Speech therapy']","Funding: Department of Developmental Services (DDS), Tricare, School Districts, and Private Pay","[""Autism Spectrum Disorder"", ""ADHD"", ""Speech and Language Disorder"", ""Sensory Processing Disorder""]","[""0-5"", ""6-12"", ""13-18""]"
d99956c8-5eae-4c89-9cb7-931895cad464,Keany Associates Behavior Intervention,"8936 S Sepulveda Blvd Los Angeles, CA 90045-3628",310-287-0382,https://keanyassociates.com/programs/behavior-intervention,"['ABA therapy', 'Speech therapy']","Funding: Department of Developmental Services (DDS), Tricare, School Districts, and Private Pay","[""Autism Spectrum Disorder"", ""ADHD"", ""Speech and Language Disorder"", ""Sensory Processing Disorder""]","[""0-5"", ""6-12"", ""13-18""]"
5e5f32d6-1a03-4886-90fb-2999a3624a5a,KIDABILITIES in LA,"2814 Santa Monica Blvd, Santa Monica, 90404",310-444-8812,https://www.kidabilitiesla.com/,['Occupational therapy'],"Private Pay, Private Insurance","[""Autism Spectrum Disorder"", ""Global Development Delay"", ""ADHD"", ""Sensory Processing Disorder""]","[""0-5"", ""6-12"", ""13-18""]"
06eb4168-200b-43ba-bbc9-2dc8fc76211c,Kiddie Therapy,"9701 Wilshire Blvd #1000, Beverly Hills,, CA 90212",424-226-6166,https://www.kiddietherapy.com/,['Occupational therapy'],Private Pay,"[""Autism Spectrum Disorder"", ""Global Development Delay"", ""ADHD"", ""Sensory Processing Disorder""]","[""0-5"", ""6-12"", ""13-18""]"
48bbac74-d183-44ea-902a-65329dc2d56c,Kids in Motion Pediatric Therapy,"3460 Torrance Blvd Suite 100 Torrance,, CA 90503",310-371-8555,https://www.mykidsinmotion.com/,"['Occupational therapy', 'Physical therapy', 'Speech therapy']","Private Insurance, Private Pay","[""Speech and Language Disorder"", ""Autism Spectrum Disorder"", ""Global Development Delay""]","[""0-5"", ""6-12""]"
3884ce91-ff10-4b8c-8506-1d26646d8c0f,Kid’s Path Pediatric Therapy Services,In-home & Teletherapy,310-439-9271,https://www.kidspathla.com/,['Occupational therapy'],Private Pay,"[""Autism Spectrum Disorder"", ""Global Development Delay"", ""ADHD"", ""Sensory Processing Disorder""]","[""0-5"", ""6-12"", ""13-18""]"
1d53232a-e804-49df-ab8b-b1443131f2de,Kinder Clinic,"1932 14th St, Santa Monica, CA 90404",310-826-9800,https://www.kinderclinicinc.com/,"['Occupational therapy', 'Physical Therapy', 'Speech Therapy']",Private Pay,"[""Autism Spectrum Disorder"", ""Global Development Delay"", ""ADHD"", ""Sensory Processing Disorder""]","[""0-5"", ""6-12"", ""13-18""]"
4b391b3f-81a9-460e-add8-4b21db48d4c6,Kyo,200 E Del Mar Blvs Pasadena CA 91105-3544,877-264-6747,https://kyocare.com/,['ABA therapy'],"Regional Center, Private Pay, Medi-Cal, Private Insurance","[""Autism Spectrum Disorder"", ""Global Development Delay"", ""ADHD"", ""Sensory Processing Disorder""]","[""All Ages""]"
b5037df8-ffb2-4e59-be6a-56ff70be44c5,Kyo,"33 Huntington Drive, Unit D Arcadia CA 91006",877-264-6747,https://kyocare.com/,['ABA therapy'],"Regional Center, Private Pay, Medi-Cal, Blue Cross, Anthem, Aetna, Cigna, Kaiser Permanente, United Healthcare","[""Autism Spectrum Disorder"", ""Global Development Delay"", ""ADHD"", ""Sensory Processing Disorder""]","[""All Ages""]"
9da47916-f9be-4a25-89ba-865abccdbc26,Kyo,In home or at school,877-264-6747,https://kyocare.com/,['ABA therapy'],"Medi-Cal, Private Insurance","[""Autism Spectrum Disorder"", ""Global Development Delay"", ""ADHD"", ""Sensory Processing Disorder""]","[""All Ages""]"
e2b46988-136f-4336-a20b-41f2e2f35af3,Kyo,In home or at school,877-264-6747,https://kyocare.com/,['ABA therapy'],"Medi-Cal, Private Insurance","[""Autism Spectrum Disorder"", ""Global Development Delay"", ""ADHD"", ""Sensory Processing Disorder""]","[""All Ages""]"
3620490c-2a29-488d-9d53-598ea595bad6,Kyo Autism Therapy,"{""zip"": ""91105"", ""city"": ""Pasadena"", ""state"": ""CA"", ""street"": ""200 E Del Mar Blvd STE 112""}",877-539-7730,https://kyocare.com/,['ABA therapy'],"Medi-Cal, United Healthcare Optum, Regence, Humana, Magellan, Kaiser Permanente, Aetna, Premera Blue Cross, Anthem Blue Cross, Cigna, Evernorth","[""Autism Spectrum Disorder"", ""Global Development Delay"", ""ADHD"", ""Sensory Processing Disorder""]","[""0-5"", ""6-12"", ""13-18""]"
5bcfbcb4-b055-421a-9e43-648cd77576bc,LA Intensive Pediatric Therapy,"10780 Santa Monica Blvd #405, Los Angeles, CA 90025",310-234-0300,https://laipt.org/,"['Occupational therapy', 'Speech therapy', 'Physical therapy']","Medi-Cal, Private Insurance, Private Pay","[""Autism Spectrum Disorder"", ""ADHD"", ""Speech and Language Disorder"", ""Sensory Processing Disorder""]","[""0-5"", ""6-12"", ""13-18""]"
6c910914-f6a4-41d9-ab50-468a105f12f8,LA Speech & Language Therapy Center,"5761 Buckingham Pkwy Culver City, CA 90230-6515",310-649-6199,https://speakla.com/,['Speech therapy'],Private Insurance,"[""Speech and Language Disorder"", ""Autism Spectrum Disorder"", ""Global Development Delay""]","[""0-5"", ""6-12"", ""13-18""]"
f1e626b1-fcb0-48ad-b9f7-0547f298f55c,LA Speech & Language Therapy Center,5761 Buckingham Pkwy Culver City CA 90230-6515,310-649-6199,https://speakla.com/,['Speech therapy'],Private Insurance,"[""Speech and Language Disorder"", ""Autism Spectrum Disorder"", ""Global Development Delay""]","[""0-5"", ""6-12"", ""13-18""]"
c89fe773-104d-4c3e-bea8-965c6b84e086,LA Speech Therapy Solutions,"3819 W. Slauson Ave. Windsor Hills,, CA 90043",323-815-1829,https://www.laspeechtherapysolutions.com/,"['Occupational therapy', 'Speech therapy']","Private Insurance, Private Pay","[""Autism Spectrum Disorder"", ""ADHD"", ""Speech and Language Disorder"", ""Sensory Processing Disorder""]","[""0-5"", ""6-12"", ""13-18""]"
bf327e48-258b-4604-b764-31187b3e8a6e,LA Speech Therapy Solutions,"2836 Sunset Blvd. Los Angeles,, CA 90026",323-522-6071,https://www.laspeechtherapysolutions.com/,"['Occupational therapy', 'Speech therapy']","Private Insurance, Private Pay","[""Autism Spectrum Disorder"", ""ADHD"", ""Speech and Language Disorder"", ""Sensory Processing Disorder""]","[""All Ages""]"
96d3ecbe-8db0-4cfa-92ac-b94858c0f3df,LA Speech Therapy Solutions,"2836 Sunset Blvd. Los Angeles, CA 90026",323-522-6071,https://www.laspeechtherapysolutions.com/,"['Occupational therapy', 'Speech therapy']","Private Insurance, Private Pay","[""Autism Spectrum Disorder"", ""ADHD"", ""Speech and Language Disorder"", ""Sensory Processing Disorder""]","[""All Ages""]"
8d8084f9-39f2-4443-a2e2-5823e775561c,LA Speech Therapy Solutions,"3819 W. Slauson Ave. Windsor Hills, CA 90043",323-815-1829,https://www.laspeechtherapysolutions.com/,"['Occupational therapy', 'Speech therapy']","Private Insurance, Private Pay","[""Autism Spectrum Disorder"", ""ADHD"", ""Speech and Language Disorder"", ""Sensory Processing Disorder""]","[""0-5"", ""6-12"", ""13-18""]"
4fbc272e-73de-424d-a193-ade4196c8796,Lark Behavior Group,"18200 Rinaldi Pl, Porter Ranch, CA 91326",818-916-0293,https://larkbehavior.com/contact-lark,['ABA therapy'],"Medi-Cal, Insurance, Private Pay","[""Autism Spectrum Disorder"", ""Global Development Delay"", ""ADHD"", ""Sensory Processing Disorder""]","[""0-5"", ""6-12"", ""13-18""]"
df3da6f8-10d7-426b-8257-c731263bf935,Leaps N Boundz,"{""zip"": ""90066"", ""city"": ""Los Angeles"", ""state"": ""CA"", ""street"": ""5433 Beethoven St""}",310-821-0963,http://leapsnboundz.com/,['Social skills'],"Private Insurance, Medi-Cal, Regional Center","[""Autism Spectrum Disorder"", ""Global Development Delay"", ""ADHD"", ""Sensory Processing Disorder""]","[""All Ages""]"
50ebc466-adf6-4b7b-a8c6-34903d599de0,Learning and Behavioral Center,"5554 Reseda Blvd #203, Tarzana, CA 91356",818-705-5522,https://www.learningandbehavioralcenter.com/,['ABA therapy'],"Medi-Cal, Private insurance, Private Pay","[""Autism Spectrum Disorder"", ""Global Development Delay"", ""ADHD"", ""Sensory Processing Disorder""]","[""0-5"", ""6-12"", ""13-18""]"
71bed989-6b4c-44c4-bf21-d467938bfd9e,Learning Behavioral Center Llc,"{""zip"": ""91356"", ""city"": ""Tarzana"", ""state"": ""CA"", ""street"": ""5554 Reseda Blvd #203""}",818-705-5522,http://www.learningandbehavioralcenter.com/,"['ABA therapy', 'Parent Training']","TRICARE, LA Care, Assurant, Optum, Humana, Health Net, Cigna, Blue Cross Blue Shield, Aetna, Anthem Blue Cross, Evernorth, Wellpoint, Magellan Health Services","[""Autism Spectrum Disorder"", ""Global Development Delay"", ""ADHD"", ""Sensory Processing Disorder""]","[""0-5"", ""6-12"", ""13-18""]"
11616218-dc50-4807-8383-e4dffdeb179b,Learning Tree Therapy Inc.,"3777 Long Beach Blvd #400, Long Beach,, CA 90807",562-317-5030,https://learningtreetherapy.com/,"['Occupational therapy', 'Physical therapy', 'Speech therapy']","Private Insurance: Kaiser, Blue Shield of California, Anthem Blue Cross, Aetna, Cigna, Health Net, United Health Care, Optum Apple Care, Optum Monarch, Providence Axminster, ASH - American Specialty Health, Centivo, Multiplan, Tricare, Regional Centers","[""Autism Spectrum Disorder"", ""ADHD"", ""Speech and Language Disorder"", ""Sensory Processing Disorder""]","[""0-5"", ""6-12"", ""13-18""]"
1ca64659-9be2-4072-adba-036cfebdcaa2,Learning Tree Therapy Inc.,"3325 Palo Verde Ave Unit 103 Long Beach,, CA 90808",562-452-7141,https://learningtreetherapy.com/,"['Occupational therapy', 'Physical therapy', 'Speech therapy']","Private Insurance: Kaiser, Blue Shield of California, Anthem Blue Cross, Aetna, Cigna, Health Net, United Health Care, Optum Apple Care, Optum Monarch, Providence Axminster, ASH - American Specialty Health, Centivo, Multiplan, Tricare, Regional Centers","[""Autism Spectrum Disorder"", ""ADHD"", ""Speech and Language Disorder"", ""Sensory Processing Disorder""]","[""0-5"", ""6-12"", ""13-18""]"
84645a85-3e56-4426-b7fa-e7d33b21590f,Lemon Tree Pediatric Center,"18800 Amar Rd. Suite A7 Walnut, CA 91789",909-680-5689,https://www.lemontreepc.com/,"[""ABA therapy"", ""Language Skills"", ""Social Skills""]",Private Pay,"[""Autism Spectrum Disorder"", ""Global Development Delay"", ""ADHD"", ""Sensory Processing Disorder""]","[""0-5"", ""6-12"", ""13-18""]"
95443056-73aa-4729-9109-88ffcff6f5bf,Let’s Blossom Speech Therapy,"2304 Huntington Drive, Suite 254, San Marino, CA",626-704-2938,https://www.letsblossomspeech.com/,['Speech therapy'],"Regional Center, Private Pay","[""Autism Spectrum Disorder"", ""ADHD"", ""Speech and Language Disorder"", ""Sensory Processing Disorder""]","[""0-5"", ""6-12"", ""13-18""]"
b972d80d-2b4e-48f4-9df1-33680ed51067,LKS & Associates,"12121 Wilshire Blvd STE 1350, Los Angeles,, CA 90025",310-739-9337,https://lksandassociates.com/,"['Occupational therapy', 'Speech therapy', 'Feeding therapy', 'Myofunctional therapy']",Private Pay,"[""Autism Spectrum Disorder"", ""ADHD"", ""Speech and Language Disorder"", ""Sensory Processing Disorder""]","[""All Ages""]"
39a6fa29-ad1f-42a9-b422-4eb0b7725fed,Los Angeles ABA Therapy,"5100 S Eastern Ave, Commerce, CA 90040",213-727-4546,https://losangelesaba.com/,"['ABA therapy', 'Occupational therapy', 'Physical therapy', 'Speech therapy']","Anthem Blue Cross Blue Shield, Beacon, Cigna, Aetna, MHN, Magellan United Healthcare","[""Autism Spectrum Disorder"", ""ADHD"", ""Speech and Language Disorder"", ""Sensory Processing Disorder""]","[""0-5"", ""6-12"", ""13-18""]"
67ab8a26-956d-4d3c-8a65-9666a9d142b1,Los Angeles ABA Therapy,"5100 S Eastern Ave, Commerce,, CA 90040",213-727-4546,https://losangelesaba.com/,"['ABA therapy', 'Occupational therapy', 'Physical therapy', 'Speech therapy']","Anthem Blue Cross Blue Shield, Beacon, Cigna, Aetna, MHN, Magellan United Healthcare","[""Autism Spectrum Disorder"", ""ADHD"", ""Speech and Language Disorder"", ""Sensory Processing Disorder""]","[""0-5"", ""6-12"", ""13-18""]"
a8935d92-d08e-4003-9eec-0b3098126046,Lovaas Institute For Early Intervention,"{""zip"": ""90230"", ""city"": ""Culver City"", ""state"": ""CA"", ""street"": ""5601 W Slauson Ave Suite 266""}",818-231-2400,http://www.lovaas.com/,['ABA therapy'],{Private Insurance},"[""Autism Spectrum Disorder"", ""Global Development Delay"", ""ADHD"", ""Sensory Processing Disorder""]","[""0-5"", ""6-12""]"
36b689cb-23f0-4d9a-8bc6-6078d15a3c6e,Lumary Therapy,"{""zip"": ""91505"", ""city"": ""Burbank"", ""state"": ""CA"", ""street"": ""3210 W Burbank Blvd B""}",818-638-9586,https://www.lumarytherapy.com/,['ABA therapy'],Private Insurance,"[""Autism Spectrum Disorder"", ""Global Development Delay"", ""ADHD"", ""Sensory Processing Disorder""]","[""0-5"", ""6-12"", ""13-18""]"
df2b7d00-8b55-475d-9d53-67e36cd4f460,Luna Behavioral Health Treatment,"{""zip"": ""33186"", ""city"": ""Miami"", ""state"": ""FL"", ""street"": ""9010 SW 137th Ave #233""}",949-989-6932,https://lunabehavior.com/,"['ABA therapy', 'Parent training', 'Social skills']","Blue Cross Blue Shield PPO, United Health Care, Agenta, Cigna","[""Autism Spectrum Disorder"", ""Global Development Delay"", ""ADHD"", ""Sensory Processing Disorder""]","[""0-5"", ""6-12"", ""13-18""]"
278a0df9-2473-4fb3-b4da-c056d9eeeb9e,Maxim Healthcare Services,"{""zip"": ""90010"", ""city"": ""Los Angeles"", ""state"": ""CA"", ""street"": ""3255 Wilshire Blvd Suite 700""}",310-819-4523,https://www.maximhealthcare.com/,"['ABA therapy', 'Parent training']","Aetna, Anthem Blue Cross, Anthem Blue Shield of California, Apricus, American Veterans Care Connection, Cigna, First Health Network, Fed Med PPO, First Choice Health Network, Humana, Molina Health Plans, Orchid Medical, Prime Helath Network, TRICARE, United Healthcare, USA MCO, Workers Compensation, Wellcare Health Plans","[""Autism Spectrum Disorder"", ""Global Development Delay"", ""ADHD"", ""Sensory Processing Disorder""]","[""All Ages""]"
3b2d0034-d32d-4d30-81b7-9844be5e071a,"McRory Pediatric Services, Inc.","28141 Kelly Johnson Pkwy, Valencia, CA 91355",661-888-1135,https://www.mcrorypediatrics.com/,"['Speech therapy', 'Occupational therapy', 'Physical therapy', 'ABA therapy', 'Adaptive Skills Training', 'Parent Training', 'Child Development Services']",Private Insurance,"[""Autism Spectrum Disorder"", ""ADHD"", ""Speech and Language Disorder"", ""Sensory Processing Disorder""]","[""0-5"", ""6-12"", ""13-18""]"
9818b2e5-89d8-4b4b-b92d-4dba65a49baf,"McRory Pediatric Services, Inc.","19019 Ventura Blvd, Tarzana, CA 91356",818-501-8352,https://www.mcrorypediatrics.com/,"['Speech therapy', 'Occupational therapy', 'Physical therapy', 'ABA therapy']",Private Insurance,"[""Autism Spectrum Disorder"", ""ADHD"", ""Speech and Language Disorder"", ""Sensory Processing Disorder""]","[""0-5"", ""6-12"", ""13-18""]"
a6187245-0222-4ff8-8370-58746614690e,MeBe,"15300 Ventura Blvd Suite 503 a, Sherman Oaks, CA 91403",619-795-9925,https://mebefamily.com/about-us/our-approach/,"['ABA therapy', 'Speech therapy', 'Occupational therapy', 'Telehealth Therapy']","Private Pay, Private Insurancec, Medo-Cal","[""Autism Spectrum Disorder"", ""ADHD"", ""Speech and Language Disorder"", ""Sensory Processing Disorder""]","[""0-5"", ""6-12"", ""13-18""]"
dbf3fb15-e161-4df7-ac7a-c463d0703f7c,Milestones Center for Child Development Pomona Valley Hospital,1601 Monte Vista Ave Claremont CA 91711-2914,909-621-7956,https://www.pvhmc.org/services/rehabilitation-services/milestones-center-for-child-development/,"['Speech therapy', 'Occupational therapy', 'Physical therapy']","Private Pay, Medical","[""Autism Spectrum Disorder"", ""ADHD"", ""Speech and Language Disorder"", ""Sensory Processing Disorder""]","[""0-5"", ""6-12"", ""13-18""]"
eec6ec0f-82b9-43a6-9ee7-6c4c321cf364,Momentum Pediatric Therapy Network,"1815 213th St, Torrance, CA 90501",310-328-0276,https://momentum4all.org/PediatricTherapyNetwork/,"['ABA therapy', 'Occupational therapy', 'Physical therapy', 'Speech therapy']",Private Insurance,"[""Autism Spectrum Disorder"", ""ADHD"", ""Speech and Language Disorder"", ""Sensory Processing Disorder""]","[""0-5"", ""6-12"", ""13-18""]"
a54db628-ec71-458e-8f1a-0ca4c31d6205,Momentum Pediatric Therapy Network,"1815 213th St, Torrance,, CA 90501",310-328-0276,https://momentum4all.org/PediatricTherapyNetwork/,"['ABA therapy', 'Occupational therapy', 'Physical therapy', 'Speech therapy']",Private Insurance,"[""Autism Spectrum Disorder"", ""ADHD"", ""Speech and Language Disorder"", ""Sensory Processing Disorder""]","[""0-5"", ""6-12"", ""13-18""]"
5281aaf2-2555-47c9-8681-691d5b1c73dc,Monarch Center for Developmental Services,"425 W Broadway #450, Glendale, CA 91204",818-539-9945,https://monarchcenterla.com/,"['ABA therapy', 'Occupational therapy']","Private Insurance, Private Pay, LA Care","[""Autism Spectrum Disorder"", ""Global Development Delay"", ""ADHD""]","[""0-5"", ""6-12"", ""13-18""]"
77165c7c-6cb0-44cd-81f3-18ff5087677d,Monarch Center For Developmental Services,"{""zip"": ""91204"", ""city"": ""Glendale"", ""state"": ""CA"", ""street"": ""425 W Broadway #450""}",818-649-0153,https://monarchcenterla.com/,"['ABA therapy', 'Occupational therapy', 'Potty Training']","Private Insurance: Optum, Easterseals, Cigna, Kaiser Permanente, American Speciality Health, Magellan Health, LA Care Health Plan, Aetna, Blue Shield of California, Anthem Blue Cross","[""Autism Spectrum Disorder"", ""Global Development Delay"", ""ADHD""]","[""0-5"", ""6-12"", ""13-18""]"
f255824a-e0f8-4cd3-8d35-bf0281b50663,My ABA,"1353 N Fuller Ave, Los Angeles, CA 90046",541-218-7576,https://myaba.services/,['ABA therapy'],"Private Insurance: Blue Cross of California, Magellan Health, Aetna, Cigna, Anthem Blue Cross, TRICARE","[""Autism Spectrum Disorder"", ""Global Development Delay"", ""ADHD""]","[""0-5"", ""6-12"", ""13-18""]"
846db16b-7255-4a4f-8388-47dcf760b527,My ABA,"1353 N Fuller Ave, Los Angeles,, CA 90046",541-218-7576,https://myaba.services/,['ABA therapy'],"Private Insurance: Blue Cross of California, Magellan Health, Aetna, Cigna, Anthem Blue Cross, TRICARE","[""Autism Spectrum Disorder"", ""Global Development Delay"", ""ADHD""]","[""0-5"", ""6-12"", ""13-18""]"
990140e0-4394-4c2b-a84d-919ddfbbc385,myHBBs,"237 N. Central Ave. Ste A, Glendale, CA 91203",888-969-4427,https://www.myhhbs.com/,['ABA therapy'],"Regional Center, Private Pay, Medi-Cal, Private Insurance except LA Care","[""Autism Spectrum Disorder"", ""ADHD"", ""Speech and Language Disorder"", ""Sensory Processing Disorder""]","[""0-5"", ""6-12"", ""13-18"", ""19+""]"
ea782e89-2da4-425b-80ca-59ae0d1fa281,"myHHBS, INC.","{""zip"": ""91203"", ""city"": ""Glendale"", ""state"": ""CA"", ""street"": ""237 N Central Ave STE A""}",323-795-2054,http://www.myhhbs.com/,"['ABA therapy', 'Occupational therapy', 'Speech Therapy', 'Social Skills']","{MHN,Aetna,Magellan,Cigna,Beacon,""Blue Cross"",Humana,""Blue Shield"",Anthem}","[""Autism Spectrum Disorder"", ""ADHD"", ""Speech and Language Disorder"", ""Sensory Processing Disorder""]","[""0-5"", ""6-12"", ""13-18""]"
555a1d02-beda-496e-b43e-6999991eff2e,"Myhhbs, Inc.","{""zip"": ""91203"", ""city"": ""Glendale"", ""state"": ""CA"", ""street"": ""237 N Central Ave STE A""}",323-795-2054,http://www.myhhbs.com/,"['ABA therapy', 'Occupational therapy', 'Speech Therapy', 'Social Skills']","{MHN,Aetna,Magellan,Cigna,Beacon,""Blue Cross"",Humana,""Blue Shield"",Anthem}","[""Autism Spectrum Disorder"", ""ADHD"", ""Speech and Language Disorder"", ""Sensory Processing Disorder""]","[""0-5"", ""6-12"", ""13-18""]"
67dfc753-0ac0-4eb7-8ed7-a344e058b49b,Nest Speech Therapy,"425 W Broadway Suite 450 Glendale, CA 91204",818-649-1053,https://www.nestspeech.com/,"['Social skills', 'Speech therapy', 'Feeding therapy']","Regional Center, Private Pay, Kaiser Permanente","[""Autism Spectrum Disorder"", ""ADHD"", ""Speech and Language Disorder"", ""Sensory Processing Disorder""]","[""0-5"", ""6-12"", ""13-18""]"
2250da06-a620-443b-be28-8846c7102498,Noga Klain,"{""zip"": ""90248"", ""city"": ""Gardena"", ""state"": ""CA"", ""street"": ""879 W 190th St Suite 400""}",310-692-4229,http://nogaklain.com/,"['ABA therapy', 'Parent training']","Medi-Cal, CalOptima","[""Autism Spectrum Disorder"", ""Global Development Delay"", ""ADHD"", ""Sensory Processing Disorder""]","[""All Ages""]"
b72b647f-77ae-4e12-80ed-77dfc3474c75,Nurture & Nature,"{""zip"": ""91604"", ""city"": ""Studio City"", ""state"": ""CA"", ""street"": ""12750 Ventura Blvd""}",818-538-6539,http://www.nurtureandnatureaba.com/contact,"['ABA therapy', 'Social Skills training']","Private Pay, Private Insurance","[""Autism Spectrum Disorder"", ""Global Development Delay"", ""ADHD"", ""Sensory Processing Disorder""]","[""0-5"", ""6-12"", ""13-18""]"
23fd32bb-caab-421a-8e4b-1c66d4ebee7f,Nurture & Nature Behavior Analysis and Consultation,"5344 Laurel Canyon Blvd.
Valley Village CA 91607",818-423-2215,https://www.nurtureandnatureaba.com/contact,['ABA therapy'],"Regional Center, Private Insurance","[""Autism Spectrum Disorder"", ""Global Development Delay"", ""ADHD"", ""Sensory Processing Disorder""]","[""0-5"", ""6-12"", ""13-18""]"
e63d1fdc-86db-44bf-8089-77deb4b0c47c,Nurture Collective,"7313 Whittier Ave, Whittier,, CA 90602",424-442-9129,https://mynurturecollective.com/,"['Occupational therapy', 'Physical therapy', 'Speech therapy', 'Feeding therapy']","Medi-Cal, Private Insurance","[""Autism Spectrum Disorder"", ""ADHD"", ""Speech and Language Disorder"", ""Sensory Processing Disorder""]","[""0-5"", ""6-12"", ""13-18""]"
475cf721-fff0-4c12-bca7-866417a6f69b,Nurture Collective,"7313 Whittier Ave, Whittier, CA 90602",424-442-9129,https://mynurturecollective.com/,"['Occupational therapy', 'Physical therapy', 'Speech therapy', 'Feeding therapy']","Medi-Cal, Private Insurance","[""Autism Spectrum Disorder"", ""ADHD"", ""Speech and Language Disorder"", ""Sensory Processing Disorder""]","[""0-5"", ""6-12"", ""13-18""]"
2ca1afe4-12fb-4f62-88dc-0f813f74d540,Ohana Behavioral Group,"{""zip"": ""93940"", ""city"": ""Monterey"", ""state"": ""CA"", ""street"": ""6 Lower Ragsdale Dr""}",562-454-7998,https://www.montagehealth.org/locations/profile/ohana/,"['ABA training', 'Parent training']",Private Insurance,"[""Autism Spectrum Disorder"", ""Global Development Delay"", ""ADHD"", ""Sensory Processing Disorder""]","[""0-5"", ""6-12"", ""13-18""]"
f541f446-135a-4674-9349-27f70b6371c7,On Track Speech Therapy,"1480 S Harbor Blvd # 14, La Habra,, CA 90631",562-284-9632,https://www.ontrackspeech.com/,['Speech therapy'],"Private Insurance: Cigna, Anthem, United Healthcare, Blue Shield, and Kaiser","[""Speech and Language Disorder"", ""Autism Spectrum Disorder"", ""Global Development Delay""]","[""0-5"", ""6-12"", ""13-18""]"
1f6bd4dc-6b82-4872-9b39-45387d47eafa,OnWords Therapy,"14011 Ventura Blvd #203a, Sherman Oaks,, CA 91423",818-488-2805,https://www.onwordstherapy.com/,['Speech therapy'],Private Pay,"[""Speech and Language Disorder"", ""Autism Spectrum Disorder"", ""Global Development Delay""]","[""0-5"", ""6-12"", ""13-18""]"
ce9c88c3-ea03-4469-8fe6-c2d8bbd876d2,Optima Family Services,"150 S Los Robles Ave Suite #950 Pasadena, CA 91101",818-844-3376,https://www.optimafamilyservices.com/,"['ABA therapy', 'Occupational therapy', 'Physical therapy', 'Speech therapy']","Regional Center, Private Pay, Medi-Cal","[""Autism Spectrum Disorder"", ""ADHD"", ""Speech and Language Disorder"", ""Sensory Processing Disorder""]","[""0-5"", ""6-12"", ""13-18"", ""19+""]"
e6baf6e6-ad15-4650-9d32-f21918c6a2bc,"Optima Family Services, Inc.","{""zip"": ""91101"", ""city"": ""Pasadena"", ""state"": ""CA"", ""street"": ""150 S Los Robles Ave Suite # 950""}",818-844-3376,http://www.optimafamilyservices.com/,"['ABA therapy', 'Occupational therapy', 'Physical therapy', 'Speech therapy']","{Medi-Cal,UHC,""Blue Cross""}","[""Autism Spectrum Disorder"", ""ADHD"", ""Speech and Language Disorder"", ""Sensory Processing Disorder""]","[""0-5"", ""6-12"", ""13-18"", ""19+""]"
69f560fa-7814-42e6-8e91-d60223f8d334,OT by the Sea,"1212 5th St Suite 577, Santa Monica, CA 90401",424-625-2477,https://www.myotbythesea.com/,"['Occupational therapy', 'Parent child interaction therapy/parent training behavior management']",Private Pay,"[""Autism Spectrum Disorder"", ""Global Development Delay"", ""ADHD""]","[""All Ages""]"
f354d0e2-9e1f-41ae-b99b-c1901ad9ba51,OT Studios,"957 Cole Ave, Los Angeles, CA 90038",323-285-2283,https://otstudiosla.com/,"['Occupational therapy', 'Physical therapy', 'Speech Therapy', 'Social Skills']","Private Pay, Private Insurance","[""Autism Spectrum Disorder"", ""Global Development Delay"", ""ADHD"", ""Speech and Language Disorder"", ""Sensory Processing Disorder"", ""Other""]","[""0-5"", ""6-12"", ""13-18""]"
2e494c39-0233-43b6-ae38-19f3355bd6fb,P.L.A.Y Speech & Language Center,"18801 Ventura Blvd Suite #206, Tarzana, CA 91356",818-600-8790,https://www.playspeechcenter.com/?utm_source=google&utm_medium=wix_google_business_profile&utm_campaign=18366059724345358350,"['Speech therapy', 'Social Skills']","Private Pay, North Los Angeles County Regional Center","[""Speech and Language Disorder"", ""Autism Spectrum Disorder"", ""Global Development Delay""]","[""0-5"", ""6-12"", ""13-18""]"
e121a30a-ff86-495d-94ad-6a275ca64e5c,"Patterns Behavioral Services, Inc.","3000 E Birch St Ste 102, Brea, CA 92821",657-444-9002,https://www.patternsbehavior.com/,"['ABA therapy', 'Parent child interaction therapy/parent training behavior management', 'Social skills']","Private Pay, Medi-cal","[""Autism Spectrum Disorder"", ""Global Development Delay"", ""ADHD"", ""Sensory Processing Disorder""]","[""0-5"", ""6-12"", ""13-18""]"
3188bfce-7be5-4a9f-b2bc-669666129824,Pediatric Minds Services,"3524 Torrance Blvd #104, Torrance,, CA 90503",310-540-1630,https://pediatricminds.com/,"['ABA therapy', 'Occupational therapy', 'Speech therapy', 'Social skills']",Private Insurance,"[""Autism Spectrum Disorder"", ""ADHD"", ""Speech and Language Disorder"", ""Sensory Processing Disorder""]","[""0-5"", ""6-12"", ""13-18""]"
038faef6-6f57-45dd-bf30-74254b210eb2,Pediatric Therapy Playhouse,"10780 Santa Monica Blvd Suite 245 Los Angeles, CA 90025",424-293-0010,https://www.pediatrictherapyplayhouse.com/,['Speech therapy'],"Private Pay, Private Insurance","[""Speech and Language Disorder"", ""Autism Spectrum Disorder"", ""Global Development Delay""]","[""0-5"", ""6-12"", ""13-18""]"
be1f66fe-22f8-417c-ae5f-62b14e1f38c8,Pediatric Therapy Specialists,"20 E Foothill Blvd Suite 220 Arcadia, CA 91006",626-612-3850,https://www.pediatrictherapyspecialists.net/,['Physical therapy'],"Regional Center, Private Pay","[""Autism Spectrum Disorder"", ""ADHD"", ""Speech and Language Disorder"", ""Sensory Processing Disorder""]","[""0-5"", ""6-12"", ""13-18""]"
84ddd01a-468a-4f1c-9bee-65b864071327,Peninsula Health Partners,"{""zip"": ""Hawthorne"", ""city"": ""facing Hawthorne"", ""state"": ""22330"", ""street"": ""On the street level""}",310-606-1349,https://www.penhcc.com/,"['ABA therapy', 'Parent training']","Aetna, Anthem Blue Cross, Beacon, Cigna, ComPsych, Kaiser Permanente, Magellan Health, Optum, The Holman Group, LA Care, DDS","[""Autism Spectrum Disorder"", ""ADHD"", ""Speech and Language Disorder"", ""Sensory Processing Disorder""]","[""All Ages""]"
8bcaa9e0-d236-495b-8023-2844a19577df,Play On Pediatric Therapy,"In home or in community, serves a 15-mile radius of Altadena",626-495-3578,https://playonpediatrictherapy.org/,['Physical therapy'],"Regional Center, Private Pay","[""Autism Spectrum Disorder"", ""Global Development Delay"", ""ADHD"", ""Sensory Processing Disorder""]","[""All Ages""]"
5a708406-0d47-4215-bc71-c8b18e76db4d,Play to Talk Speech Therapy,"230 W College St Suite F, Covina, CA 91723",626-715-2361,https://play2talkspeech.com/,['Speech therapy'],"Private Pay, Private Insurance","[""Speech and Language Disorder"", ""Autism Spectrum Disorder"", ""Global Development Delay""]","[""0-5""]"
0f4dfca2-8800-4c73-870d-ca93947923c9,Play.Connect.Grow.,"1227 Lincoln Blvd #302, Santa Monica, CA 90401",424-350-7171,https://playconnectgrow.org/,"['Speech therapy', 'Parent child interaction therapy/parent training behavior management']",Private Pay,"[""Speech and Language Disorder"", ""Autism Spectrum Disorder"", ""Global Development Delay""]","[""0-5"", ""6-12"", ""13-18""]"
63f9032b-f861-4a77-8183-d0004db6137e,playSense,811 N Catalina Ave Redondo Beach CA 90277-2133,310-673-8412,https://www.playsensekids.com/,"['Occupational therapy', 'Feeding therapy']",Private Pay,"[""Autism Spectrum Disorder"", ""Global Development Delay"", ""ADHD"", ""Sensory Processing Disorder""]","[""0-5"", ""6-12"", ""13-18""]"
dc8e32bd-4ff5-450b-963c-44243ca4a10f,playSense,"811 N Catalina Ave Redondo Beach, CA 90277-2133",310-673-8412,https://www.playsensekids.com/,['Occupational therapy'],Private Pay,"[""Autism Spectrum Disorder"", ""Global Development Delay"", ""ADHD"", ""Sensory Processing Disorder""]","[""0-5"", ""6-12"", ""13-18""]"
cd3a95e1-c0ac-4b25-8528-745122507886,PlaySpace Pediatrics,"11609 ½ Washington Pl, Los Angeles,, CA 90066",310-906-0180,https://www.playspacepediatrics.com/,"['Occupational therapy', 'Speech therapy']",Private Pay,"[""Autism Spectrum Disorder"", ""ADHD"", ""Speech and Language Disorder"", ""Sensory Processing Disorder""]","[""0-5"", ""6-12"", ""13-18""]"
baae44bf-0b74-4354-a133-45d901099655,PlaySpace Pediatrics,"11609 ½ Washington Pl, Los Angeles, CA 90066",310-906-0180,https://www.playspacepediatrics.com/,"['Occupational therapy', 'Speech therapy']",Private Pay,"[""Autism Spectrum Disorder"", ""ADHD"", ""Speech and Language Disorder"", ""Sensory Processing Disorder""]","[""0-5"", ""6-12"", ""13-18""]"
25e85f4e-6932-4f3b-870c-aeb4bd115673,Positive Behavior Supports Corporation,"{""zip"": ""92804"", ""city"": ""Anaheim"", ""state"": ""CA"", ""street"": ""8832 Syracuse Ave""}",855-832-6727,https://www.teampbs.com/aba_therapy.aspx?Region=CA&RegionName=LA%20Metro,['ABA therapy'],"{Magellan,Medicaid,Beacon,CalOptima,Molina,""Blue Shield"",Anthem}","[""Autism Spectrum Disorder"", ""Global Development Delay"", ""ADHD"", ""Sensory Processing Disorder""]","[""0-5"", ""6-12"", ""13-18""]"
5b66580a-56bd-4b4e-bc8b-1285df185e73,Positive Development,"913 E. Walnut St.
 Pasadena CA 91106",833-587-1784,https://www.positivedevelopment.com/,['ABA therapy'],"Regional Center, Private Pay","[""Autism Spectrum Disorder"", ""Global Development Delay"", ""ADHD"", ""Sensory Processing Disorder""]","[""0-5"", ""6-12"", ""13-18""]"
98f3dde1-5c94-4f08-9cf6-fd1647835cb6,Power Play Kids,"1032 Redondo Ave # B, Long Beach,, CA 90804",424-228-6963,https://www.powerplayot.com/,['Occupational therapy'],"Regional Centers, ESSC, Private Pay","[""Autism Spectrum Disorder"", ""Global Development Delay"", ""ADHD"", ""Sensory Processing Disorder""]","[""0-5"", ""6-12"", ""13-18""]"
541d8039-ae43-462d-9be2-dd90d1f66f5f,Prime Behavioral Solutions,"121 W Lexington Dr Ste B175A, Glendale, CA 91203",818-913-5254,https://primebehavioralsolutions.com/,"['ABA therapy', 'Parent child interaction therapy/parent training behavior management ']",Private Insurance,"[""Autism Spectrum Disorder"", ""Global Development Delay"", ""ADHD"", ""Sensory Processing Disorder""]","[""0-5"", ""6-12"", ""13-18""]"
cca3b7d7-e1ce-4a3e-a633-da886bd2cced,Proactive Pediatric Physical Therapy Inc.,"18401 Burbank Blvd, Suite 214, Tarzana, CA 91356",818-518-6622,https://www.proactivepediatric.com/,['Physical therapy'],Private Pay,"[""Autism Spectrum Disorder"", ""Global Development Delay"", ""ADHD"", ""Sensory Processing Disorder""]","[""0-5"", ""6-12"", ""13-18""]"
c3e1b608-96f0-41ca-9166-dfe3ca23b547,Professional Child Development Associates,"118 South Oak Knoll Pasadena, CA 91101",626-793-7350,https://www.pcdateam.org/,"['Speech therapy', 'Occupational therapy', 'Feeding therapy']","Regional Center, Private Pay","[""Autism Spectrum Disorder"", ""Global Development Delay"", ""ADHD"", ""Sensory Processing Disorder""]","[""All Ages""]"
768d1c6d-a2c3-47e1-9d2e-b8de3ea5992a,Promise ABA,"217 E Alameda Ave #301, Burbank, CA 91502",818-748-3390,https://promiseaba.com/,['ABA therapy'],"Private Pay, ","[""Autism Spectrum Disorder"", ""Global Development Delay"", ""ADHD"", ""Sensory Processing Disorder""]","[""0-5"", ""6-12"", ""13-18""]"
c46cdcd1-9c50-4625-8c66-c7b346b11da3,Promise ABA LLC,"{""zip"": ""91502"", ""city"": ""Burbank"", ""state"": ""CA"", ""street"": ""217 E Alameda Ave #301""}",818-748-3390,http://promiseaba.com/,['ABA therapy'],"Private Pay, Private Insurance","[""Autism Spectrum Disorder"", ""Global Development Delay"", ""ADHD"", ""Sensory Processing Disorder""]","[""0-5"", ""6-12"", ""13-18""]"
d5d3d0b2-a732-4b57-be7f-57971e83f447,Pyles & Associates,"741 Glenvia St Suite 200 Glendale, CA 91206",833-968-7762,https://pnaservices.com/,['ABA therapy'],"Private Pay, Private Insurance","[""Autism Spectrum Disorder"", ""Global Development Delay"", ""ADHD"", ""Sensory Processing Disorder""]","[""0-5"", ""6-12"", ""13-18""]"
404ce312-9dd6-4208-b288-7b8dbb809af8,"Quantum Behavioral Solutions, Inc.","40 E Huntington Dr
 Arcadia CA 91006-3776",626-531-6999,https://quantumbehavioralsolutions.com/,['ABA therapy'],"Regional Center, Private Pay","[""Autism Spectrum Disorder"", ""Global Development Delay"", ""ADHD"", ""Sensory Processing Disorder""]","[""0-5"", ""6-12"", ""13-18""]"
43f54564-7437-4f8d-886b-9f08e2dc4eee,Reach Integrated Services,"{""zip"": ""90602"", ""city"": ""Whittier"", ""state"": ""CA"", ""street"": ""7200 Greenleaf Ave #140""}",626-741-5401,http://www.reach.services/,['Social skills'],{},"[""Autism Spectrum Disorder"", ""ADHD"", ""Speech and Language Disorder"", ""Sensory Processing Disorder""]","[""19+""]"
39491db6-b458-4014-8bb5-7ad3a20c3476,Recess Therapy,"301 E. Foothill Blvd #100, Arcadia, CA 91006",626-275-6302,https://www.recesspediatrictherapy.com/,"['Occupational therapy', 'Physical therapy', 'Feeding therapy', 'Speech therapy']","Regional Center, Private Pay","[""Autism Spectrum Disorder"", ""ADHD"", ""Speech and Language Disorder"", ""Sensory Processing Disorder""]","[""0-5"", ""6-12"", ""13-18""]"
6f93b36c-b1a2-47cd-8874-f27d4eabe0a9,Rising Horizons Behavioral Services,"4195 Chino Hills Pkwy
Chino Hills CA 91709-2618",951-313-1824,https://risinghorizonsbehavioral.com/,"['ABA therapy', 'Parent training']","Private Pay, Medi-cal, Private Insurance","[""Autism Spectrum Disorder"", ""Global Development Delay"", ""ADHD"", ""Sensory Processing Disorder""]","[""0-5"", ""6-12"", ""13-18""]"
8457c9ac-8204-4ec8-ad17-a85ce9a95ec5,Rockwell Psychological Services,"5050 Eagle Rock Blvd, Los Angeles, CA 90041",818-350-2323,https://www.rpscla.com/,"['Behavioral Intervention', 'Educational therapy', 'Parent training']",Does not take insurance,"[""Autism Spectrum Disorder"", ""ADHD"", ""Speech and Language Disorder"", ""Sensory Processing Disorder""]","[""All Ages""]"
bf1db6c5-e739-4306-ba30-bcdfb22283fc,Rockwell Psychological Services,"5050 Eagle Rock Blvd, Los Angeles CA 90041",818-350-2323,https://www.rpscla.com/,"['Behavioral Intervention', 'Educational therapy', 'Parent training']",Does not take insurance,"[""Autism Spectrum Disorder"", ""ADHD"", ""Speech and Language Disorder"", ""Sensory Processing Disorder""]","[""All Ages""]"
93ebdfea-5404-4ea3-9580-0a053d41bb15,Rosemary Johnson & Associates Clinic,"116 E Walnut Ave, Monrovia, CA 91016",626-357-9934,https://www.rjclinic.com/,"['Occupational therapy', 'Physical therapy']",Private Pay,"[""Autism Spectrum Disorder"", ""Global Development Delay"", ""ADHD"", ""Sensory Processing Disorder""]","[""0-5"", ""6-12"", ""13-18""]"
b814fa2c-aa37-4617-82e1-643d86850e53,Sage Behavior Services,"1600 N Acacia Ave, Fullerton, CA 92835",714-773-0077,https://sagebehaviorservices.com/,"['ABA therapy', 'Social skills']", Private Insurance,"[""Autism Spectrum Disorder"", ""Global Development Delay"", ""ADHD"", ""Sensory Processing Disorder""]","[""All Ages""]"
12cef84f-1bab-460a-b9e3-e648009d9858,Saltwater Speech,"2211 Corinth Ave, Los Angeles, CA 90064",909-362-4895,https://www.saltwaterspeech.com/,['Speech therapy'],Private Pay,"[""Speech and Language Disorder"", ""Autism Spectrum Disorder"", ""Global Development Delay""]","[""0-5"", ""6-12"", ""13-18""]"
8f56b988-d6c3-4bd0-97dc-50c4ffe0f577,Saltwater Speech,"2211 Corinth Ave, Los Angeles,, CA 90064",909-362-4895,https://www.saltwaterspeech.com/,['Speech therapy'],Private Pay,"[""Speech and Language Disorder"", ""Autism Spectrum Disorder"", ""Global Development Delay""]","[""0-5"", ""6-12"", ""13-18""]"
cfc2615b-c7e4-4149-bfd6-4cec584b5ad3,Santa Monica Speaks,"12304 Santa Monica Blvd Suite 364 Los Angeles, CA 90025",310-270-6597,https://www.santamonicaspeaks.com/,"['Social skills training', 'Speech therapy']","Private Pay, ","[""Autism Spectrum Disorder"", ""Global Development Delay"", ""ADHD"", ""Sensory Processing Disorder""]","[""0-5"", ""6-12"", ""13-18""]"
7cd3c60b-8969-4a5e-8a28-5b8dfec0ed94,SGV Speech Therapy Solutions,"604 S. Del Mar Ave. San Gabriel, CA 91776",626-782-7615,https://www.sgvspeechtherapy.com/,"['Speech therapy', 'Occupational therapy' ]","Regional Center, Private Pay, Kaiser Permanente, Westside Regional Center, Blue Shield of California, Anthem Blue Cross, Frank D. Lanterman Regional Center, San Gabriel/Pomona Regional Center, SCLARC","[""Autism Spectrum Disorder"", ""Global Development Delay"", ""ADHD"", ""Sensory Processing Disorder""]","[""0-5"", ""6-12""]"
b923b9f7-5223-4ce8-9170-e90226a76184,Shabani Institute/Center For Behavior Analysis & Language Development,"{""zip"": ""90254"", ""city"": ""Hermosa Beach"", ""state"": ""CA"", ""street"": ""982 Artesia Blvd""}",310-310-2931,http://shabani-institute.com/,"['ABA therapy', 'Social skills', 'Parent training']",{Private Insurance},"[""Autism Spectrum Disorder"", ""Global Development Delay"", ""ADHD""]","[""0-5"", ""6-12"", ""13-18""]"
2147362a-c060-4bfc-ada7-55f654b52fea,SHARE Therapy,"12052 Imperial Hwy. #204, Norwalk,, CA 90650",310-892-5812,https://www.sharespeech.org/,"['Occupational therapy', 'Physical therapy', 'Speech therapy', 'Feeding therapy']"," Anthem Blue Cross, Blue Cross Blue Shield PPO, Easter Seals Southern California, Kaiser Permanente, LA Care, Optum Healthcare, United Healthcare; Private Pay","[""Autism Spectrum Disorder"", ""ADHD"", ""Speech and Language Disorder"", ""Sensory Processing Disorder""]","[""0-5"", ""6-12"", ""13-18""]"
fe869121-828a-4af5-a34e-31ddd2c66b8a,Sierra Madre Learning Center Total Programs Llc,"{""zip"": ""91024"", ""city"": ""Sierra Madre"", ""state"": ""CA"", ""street"": ""370 W Sierra Madre Blvd # B""}",626-355-5160,https://www.totalprograms.org/,['Occupational therapy'],"Health Net, CalOptima","[""Autism Spectrum Disorder"", ""Global Development Delay"", ""ADHD""]","[""0-5""]"
374d9313-d61d-4cd0-91ee-20fc97c09852,Simple Speech Therapy,"2120 Foothill Blvd #100, La Verne, CA 91750",909-675-7022,https://simplespeechtherapyla.com/,"['Speech therapy', 'Feeding therapy']","Private Pay, Private Insurance","[""Autism Spectrum Disorder"", ""ADHD"", ""Speech and Language Disorder"", ""Sensory Processing Disorder""]","[""All Ages""]"
88dac705-6f50-43b7-a3a6-340f3e1ddfdc,"SK Behavior and Learning, Inc.","3435 Wilshire Blvd Ste 1400 Los Angeles, CA 90010-1923",213-505-3409,https://www.sklearning.org/?utm_source=google&utm_medium=wix_google_business_profile&utm_campaign=13815821000721548383,"['ABA therapy', 'Physical therapy', 'Parent training']","Medi-Cal, Private Insurance","[""Autism Spectrum Disorder"", ""Global Development Delay"", ""ADHD"", ""Sensory Processing Disorder""]","[""0-5"", ""6-12"", ""13-18""]"
512e7ee5-8fd0-4d02-80d4-6af2060eff83,Smile Pediatric Therapy & Diagnostics,3031 Beverly Blvd Los Angeles CA 90057-1013,323-644-9380,https://smilepediatrictherapy.com/,"['ABA therapy', 'Occupational therapy', 'Social skills', 'Physical therapy', 'Speech therapy', 'Feeding therapy']"," Kaiser Permanente, Easter Seals of Southern California, Cigna, Anthem Blue Cross; Private Pay","[""Autism Spectrum Disorder"", ""ADHD"", ""Speech and Language Disorder"", ""Sensory Processing Disorder""]","[""0-5"", ""6-12"", ""13-18""]"
af18a6e4-8dff-4e95-a3b2-d1011e448f18,Smile Pediatric Therapy & Diagnostics,"3031 Beverly Blvd Los Angeles, CA 90057-1013",323-644-9380,https://smilepediatrictherapy.com/,"['ABA therapy', 'Occupational therapy', 'Physical therapy', 'Speech therapy', 'Feeding therapy']"," Kaiser Permanente, Easter Seals of Southern California, Cigna, Anthem Blue Cross; Private Pay","[""Autism Spectrum Disorder"", ""ADHD"", ""Speech and Language Disorder"", ""Sensory Processing Disorder""]","[""0-5"", ""6-12"", ""13-18""]"
c9f0c7ce-f976-49d1-80d5-3ae42bb1b7dc,Speak Live Play Los Angeles,"2001 S Barrington Ave Ste 308, Los Angeles, CA 90025",424-279-8379,https://speakliveplay.com/,"['Occupational therapy', 'Feeding therapy', 'Speech therapy']",Private Pay,"[""Autism Spectrum Disorder"", ""ADHD"", ""Speech and Language Disorder"", ""Sensory Processing Disorder""]","[""All Ages""]"
1d781584-0421-4914-9117-570a1344eb4b,Special Education For Exceptional Kids Dba (Seek) Education Inc.,"{""zip"": ""91775"", ""city"": ""San Gabriel"", ""state"": ""CA"", ""street"": ""9060 Huntington Dr""}",626-943-7772,http://www.seekeducation.org/,"['ABA therapy', 'Social skills']",North Los Angeles Regional Center,"[""Autism Spectrum Disorder"", ""Global Development Delay"", ""ADHD"", ""Sensory Processing Disorder""]","[""All Ages""]"
a99da155-8eed-4cc0-a8fb-bf117b9e70b8,"Special Needs Network, Inc.","{""zip"": ""90043"", ""city"": ""View Park"", ""state"": ""CA"", ""street"": ""4401 Crenshaw Blvd suite 215""}",323-291-7100,http://www.snnla.org/,"['ABA therapy', 'Social skills']",North Los Angeles Regional Center,"[""Autism Spectrum Disorder"", ""Global Development Delay"", ""ADHD"", ""Sensory Processing Disorder""]","[""All Ages""]"
31ba4550-f00a-4348-a8a9-eafadba6f8fd,Speckled Frog Pediatric Therapy,"10573 W Pico Blvd #66, Los Angeles, CA 90064",760-235-9047,https://www.speckledfrogpediatrictherapy.com/,"['Occupational therapy', 'Feeding therapy']",Private Pay,"[""Autism Spectrum Disorder"", ""Global Development Delay"", ""ADHD"", ""Sensory Processing Disorder""]","[""0-5"", ""6-12"", ""13-18""]"
be6eebc4-f5df-40d7-afa8-6006f7ea08ea,Spectrum Solutions Therapy,"{""zip"": ""90706"", ""city"": ""Bellflower"", ""state"": ""CA"", ""street"": ""16900 Lakewood Blvd #212""}",562-444-5026,https://sstaba.com/,['ABA therapy'],"Medi-Cal, Private Insurance, Private Pay","Don't need a diagnosis, just a pediatrician or Regional Center referral","[""0-5"", ""6-12"", ""13-18""]"
b94cebc9-386c-4d9d-bf27-07752f20198c,Spectrum Solutions Therapy,"2913 Yearling St Lakewood, CA 90712-2922",562-444-5026,https://sstaba.com/,"['ABA therapy', 'Social skills', 'Parent training']","LA Care, Optum, Anthem, Magellan, Healthnet, Cal Optima Health","[""Autism Spectrum Disorder"", ""Global Development Delay"", ""ADHD"", ""Sensory Processing Disorder""]","[""0-5"", ""6-12"", ""13-18""]"
e3d6529b-15dc-4b78-9624-b327aa34757c,Spectrum Solutions Therapy,2913 Yearling St Lakewood CA 90712-2922,562-444-5026,https://sstaba.com/,"['ABA therapy', 'Social skills', 'Parent training']","LA Care, Optum, Anthem, Magellan, Healthnet, Cal Optima Health","[""Autism Spectrum Disorder"", ""Global Development Delay"", ""ADHD"", ""Sensory Processing Disorder""]","[""0-5"", ""6-12"", ""13-18""]"
c1ce6597-663a-43ae-99b0-7e2d23e2466a,Speech Improvement Center,"8535 Florence Ave #201, Downey,, CA 90240",562-261-5538,https://speechimprovementcenter.com/,['Speech therapy'],Private Insurance,"[""Speech and Language Disorder"", ""Autism Spectrum Disorder"", ""Global Development Delay""]","[""0-5"", ""6-12"", ""13-18""]"
938e049e-f4a0-47d4-b3d1-5f170cb64d4a,Speech Source Therapy,"15643 Sherman Way #300, Van Nuys, CA 91406",213-493-6698,https://www.speechsourceinc.com/,"['Speech therapy', 'Occupational therapy', 'Child development']","Kaiser Permanente, Frank D. Lanterman Regional Center, North Los Angeles County Regional Center, Eastern Los Angeles Regional Center","[""Autism Spectrum Disorder"", ""ADHD"", ""Speech and Language Disorder"", ""Sensory Processing Disorder""]","[""0-5"", ""6-12"", ""13-18""]"
e5eafc07-b59a-400c-b222-eb267f63eeb6,"Speech, Language And Educational Associates","{""zip"": ""91436"", ""city"": ""Encino"", ""state"": ""CA"", ""street"": ""16500 Ventura Blvd""}",818-616-5013,http://www.sleatherapies.com/,['ABA therapy'],Private Insurance,"[""Autism Spectrum Disorder"", ""Global Development Delay"", ""ADHD"", ""Sensory Processing Disorder""]","[""0-5"", ""6-12"", ""13-18""]"
6b4c744e-05aa-4292-a9c5-bcd580a2407f,Speechcom Children’s Speech Therapy,"2850 Artesia Blvd UNIT 107, Redondo Beach,, CA 90278",424-275-9968,https://scstc.net/,"['Occupational therapy', 'Speech therapy']","Private Insurance: Kaiser Permanente, Optum, Blue Shield of CA. PPO, Memorial Care, Torrance Memorial IPA","[""Autism Spectrum Disorder"", ""ADHD"", ""Speech and Language Disorder"", ""Sensory Processing Disorder""]","[""0-5"", ""6-12""]"
2715e7b8-a694-4a7e-afe3-8bbb05b964e8,Speechful Therapy Services,"2700 N Bellflower Blvd #112, Long Beach,, CA 90815",562-429-4290,https://speechfultherapy.com/,['Speech therapy'],Private Insurance,"[""Speech and Language Disorder"", ""Autism Spectrum Disorder"", ""Global Development Delay""]","[""0-5"", ""6-12"", ""13-18""]"
e7fa1eb9-8905-4992-801e-fec710048e35,SPOT for kids,"2180 Westwood Blvd #2a, Los Angeles, CA 90025",424-358-5455,https://spotforkids.com/,"['Occupational therapy', 'Speech therapy', 'Physical therapy', 'Social skills']","Private Pay, Private Insurance","[""Autism Spectrum Disorder"", ""ADHD"", ""Speech and Language Disorder"", ""Sensory Processing Disorder""]","[""0-5"", ""6-12"", ""13-18""]"
e8dd8f79-6b49-46de-a938-806a708b8428,"Star Of California, Inc.","{""zip"": ""90041"", ""city"": ""Los Angeles"", ""state"": ""CA"", ""street"": ""969 Colorado Blvd # 201""}",805-644-7827,https://starofca.com/,"['ABA therapy', 'Parent training']",{Cigna},"[""Autism Spectrum Disorder"", ""Global Development Delay"", ""ADHD"", ""Sensory Processing Disorder""]","[""0-5"", ""6-12"", ""13-18""]"
240090da-4b59-4d92-9150-93f679650548,StarChild Interventions,"5567 Reseda Blvd #106 Sherman Oaks, CA 91403",818-540-5802,http://starchildinterventions.com/home/,"['ABA therapy', 'Occupational therapy', 'Speech therapy']",Private Insurance,"[""Autism Spectrum Disorder"", ""ADHD"", ""Speech and Language Disorder"", ""Sensory Processing Disorder""]","[""0-5"", ""6-12"", ""13-18""]"
e05549da-9c0e-49c5-a57d-96ea34e40620,Step-by-Step Pediatric Therapy,"15454 Gale Avenue Suite F Hacienda Heights, CA 91745",626-330-1538,https://www.stepbysteptherapy.org/index.html,['Occupational therapy'],"Private Pay, Private Insurance","[""Autism Spectrum Disorder"", ""Global Development Delay"", ""ADHD"", ""Sensory Processing Disorder""]","[""0-5"", ""6-12"", ""13-18""]"
98a882fd-74ee-4c51-927f-e0d17ef4afa1,Step-by-Step Pediatric Therapy,"18800 Amar Road Suite B14 (Second Floor) Walnut, CA 91789",626-269-3040,https://www.stepbysteptherapy.org/index.html,['Occupational therapy'],"Private Pay, Private Insurance","[""Autism Spectrum Disorder"", ""Global Development Delay"", ""ADHD"", ""Sensory Processing Disorder""]","[""0-5"", ""6-12"", ""13-18""]"
6d04a69d-e38a-46f9-9c1c-bdcfd061884c,Sunny Behavioral Solutions,"10033 Commerce Ave, Tujunga, CA 91042",323-508-9177,https://sunnyaba.com/,['ABA therapy'],Medi-Cal and Private Insurance,"[""Autism Spectrum Disorder"", ""ADHD"", ""Speech and Language Disorder"", ""Sensory Processing Disorder""]","[""0-5"", ""6-12""]"
b09fa5c3-94fc-4005-8654-46f1e59c9f73,Supernova Speech Therapy,"2017 Palo Verde Ave # 201, Long Beach,, CA 90815",562-317-1477,https://supernovaspeechtherapy.com/,['Speech therapy'],Private Pay,"[""Speech and Language Disorder"", ""Autism Spectrum Disorder"", ""Global Development Delay""]","[""0-5"", ""6-12"", ""13-18""]"
d10be79f-a0c2-45b5-b5c3-e9ca1c0ba685,Symphony Behavioral Health,"{""zip"": ""91355"", ""city"": ""Santa Clarita"", ""state"": ""CA"", ""street"": ""25350 Magic Mountain Pkwy Suite 300""}",661-214-3063,http://www.symphonybh.com/,"['ABA therapy', 'Parent training']","Medi-Cal, Aetna, Antem, Beacon, Cigna, Gold Coast, Health Net, LA Care, Magellan, TRICARE West, North Los Angeles County Regional Center","[""Autism Spectrum Disorder"", ""Global Development Delay"", ""ADHD"", ""Sensory Processing Disorder""]","[""0-5"", ""6-12"", ""13-18""]"
8c410ad8-7a62-4485-9df4-bde34abd742e,Test Provider Save,"123 Test St, Los Angeles, CA 90210",,,"['ABA therapy', 'Speech therapy']","Regional Center, Private Pay","[""Autism Spectrum Disorder"", ""ADHD"", ""Speech and Language Disorder"", ""Sensory Processing Disorder""]","[""0-5"", ""6-12""]"
94d62b1b-e71b-41ab-93eb-3f6ae0ddf4b0,The Center for Connection,"1740 Huntington Dr. Suite 301 Duarte, CA 91010",626-385-6121,https://www.thecenterforconnection.org/,"['Occupational therapy', 'Speech therapy', 'Play therapy']",Private Pay,"[""Autism Spectrum Disorder"", ""ADHD"", ""Speech and Language Disorder"", ""Sensory Processing Disorder""]","[""All Ages""]"
d81d298b-1744-4846-b928-2e3d2ccc01a6,The Center for Connection,"3030 E Colorado Blvd, Pasadena, CA 91107",626-385-6121,https://www.thecenterforconnection.org/,['Occupational therapy'],"Regional Center, Private Pay","[""Autism Spectrum Disorder"", ""Global Development Delay"", ""ADHD"", ""Sensory Processing Disorder""]","[""0-5"", ""6-12"", ""13-18""]"
8a409c61-090e-4662-8e9d-877579b9a8ab,The Integrated Clinic,"2811 Wilshire Blvd Santa Monica, CA 90403-4803",424-226-6128,https://www.theintegratedclinic.com/,"['Occupational therapy', 'Speech therapy']",Private Pay,"[""Autism Spectrum Disorder"", ""ADHD"", ""Speech and Language Disorder"", ""Sensory Processing Disorder""]","[""All Ages""]"
b717ee84-26d0-4541-9fda-53d6ae0ad499,The Integrated Clinic,2811 Wilshire Blvd Santa Monica CA 90403-4803,424-226-6128,https://www.theintegratedclinic.com/,"['Occupational therapy', 'Speech therapy']",Private Pay,"[""Autism Spectrum Disorder"", ""ADHD"", ""Speech and Language Disorder"", ""Sensory Processing Disorder""]","[""All Ages""]"
bf35c552-f030-48ef-9c3d-82289688a813,The Nest,"11425 Moorpark St. Studio City, Ca 91602",310-920-8544,https://thenestla.com/,"['ABA therapy', 'Social Skills', 'Parent Coaching', 'Child Psychiatry']","Private Insurance, Private Pay","[""Autism Spectrum Disorder"", ""Global Development Delay"", ""ADHD"", ""Sensory Processing Disorder""]","[""0-5"", ""6-12""]"
4042b97a-0834-4e28-a47c-fc0d8acbee8f,The Sensory Brain Occupational Therapy,"2810 E Del Mar Blvd #2, Pasadena, CA 91107",626-217-0818,https://www.thesensorybrain.com/,['Occupational therapy'],"Regional Center, Private Pay","[""Autism Spectrum Disorder"", ""Global Development Delay"", ""ADHD"", ""Sensory Processing Disorder""]","[""0-5"", ""6-12"", ""13-18""]"
ed8406df-7696-44c7-a57d-109d1ae48530,The Therapy Grove,"13455 Ventura Blvd Suite 306, Sherman Oaks, CA 91423",818-277-2617,https://www.thetherapygroveinc.com/,['Speech therapy'],"Private Pay, North Los Angeles Regional Center","[""Autism Spectrum Disorder"", ""ADHD"", ""Speech and Language Disorder"", ""Sensory Processing Disorder""]","[""All Ages""]"
39ce673a-5907-4c62-881a-a9ddcb4fb2e5,Theraplay,"1070 S La Brea Ave. Los Angeles, CA 90019",424-392-4568,https://www.theraplayla.com/,"['Occupational therapy', 'Speech therapy', 'Feeding therapy', 'Parent training']",Private Pay,"[""Autism Spectrum Disorder"", ""ADHD"", ""Speech and Language Disorder"", ""Sensory Processing Disorder""]","[""0-5"", ""6-12"", ""13-18""]"
e7bf73c2-8eeb-4984-82d6-2dc77b9fb14e,Theraplay,"1070 S La Brea Ave. Los Angeles,, CA 90019",424-392-4568,https://www.theraplayla.com/,"['Occupational therapy', 'Speech therapy', 'Feeding therapy', 'Parent training']",Private Pay,"[""Autism Spectrum Disorder"", ""ADHD"", ""Speech and Language Disorder"", ""Sensory Processing Disorder""]","[""0-5"", ""6-12"", ""13-18""]"
c92b2973-7ffb-4d2c-8f24-7d87354f5ad9,"Theraputic Learning Consultants, Inc.","{""zip"": ""94303"", ""city"": ""Palo Alto"", ""state"": ""CA"", ""street"": ""711 Colorado Ave""}",408-373-3256,https://tlcpractices.com/,"['ABA therapy', 'Social Skills', 'Parent training']","Aetna, Cigna, Anthem BlueCross BlueShield, Premera Blue Cross, Blue Shield of California, Magellan Health Services, PacifiCare, TRICARE, Kaiser Permanente, Value Options, United Behavioral Health, Beacon Health Options, LA Care Health Plan","[""Autism Spectrum Disorder"", ""Global Development Delay"", ""ADHD"", ""Sensory Processing Disorder""]","[""0-5"", ""6-12"", ""13-18""]"
3135d4e3-f3bd-436c-b5d6-f90101a5ad81,Therapy in Action,"18522 Oxnard St. Tarzana, CA 91356",818-708-2292,https://therapyinaction.com/,['Occupational therapy'],Private Pay,"[""Autism Spectrum Disorder"", ""ADHD"", ""Speech and Language Disorder"", ""Sensory Processing Disorder""]","[""All Ages""]"
8acff08c-91aa-4c6f-83ad-4e6e2c4efdd4,Therapy Lounge Center,"1480 Colorado Blvd., Los Angeles,, CA 90041",310-553-2695,https://www.therapyloungecenter.com/,"['ABA therapy', 'Occupational therapy', 'Speech therapy']",Private Insurance,"[""Autism Spectrum Disorder"", ""ADHD"", ""Speech and Language Disorder"", ""Sensory Processing Disorder""]","[""0-5"", ""6-12"", ""13-18""]"
fb22915a-3f84-4b04-9399-dd24ade21fec,Therapy Lounge Center,"1480 Colorado Blvd., Los Angeles, CA 90041",310-553-2695,https://www.therapyloungecenter.com/,"['ABA therapy', 'Occupational therapy', 'Speech therapy', 'Social skills']",Private Insurance,"[""Autism Spectrum Disorder"", ""ADHD"", ""Speech and Language Disorder"", ""Sensory Processing Disorder""]","[""0-5"", ""6-12"", ""13-18""]"
fb930657-ee47-4692-a893-795ddc705c4d,Therapy Lounge Center,"933 S. Sunset Ave Suite 205 West Covina,, CA 91790",310-553-2695,https://www.therapyloungecenter.com/,"['ABA therapy', 'Occupational therapy', 'Speech therapy']",Private Insurance,"[""Autism Spectrum Disorder"", ""ADHD"", ""Speech and Language Disorder"", ""Sensory Processing Disorder""]","[""0-5"", ""6-12"", ""13-18""]"
bc681597-9887-42b3-9cbb-0f5bc8921808,Therapy Lounge Center,"9530 Imperial Highway Suite K Downey,, CA 90242",310-553-2695,https://www.therapyloungecenter.com/,"['ABA therapy', 'Occupational therapy', 'Speech therapy']",Private Insurance,"[""Autism Spectrum Disorder"", ""ADHD"", ""Speech and Language Disorder"", ""Sensory Processing Disorder""]","[""0-5"", ""6-12"", ""13-18""]"
6825afdf-2548-44fb-ac44-217835ff9ee9,Therapy Lounge Center,"{""zip"": ""93534"", ""city"": ""Lancaster"", ""state"": ""CA"", ""street"": ""1505 W Ave J STE 301""}",310-553-2695,http://www.therapyloungecenter.com/,"['ABA therapy', 'Occupational therapy', 'Speech therapy']",Private Insurance,"[""Autism Spectrum Disorder"", ""ADHD"", ""Speech and Language Disorder"", ""Sensory Processing Disorder""]","[""0-5"", ""6-12"", ""13-18""]"
f9cb28ac-944f-47d9-bd02-1b8d465c3ffc,Therapy Lounge Center,"1968 W. Adams Blvd. Los Angeles,, CA 90018",310-553-2695,https://www.therapyloungecenter.com/,"['ABA therapy', 'Occupational therapy', 'Speech therapy']",Private Insurance,"[""Autism Spectrum Disorder"", ""ADHD"", ""Speech and Language Disorder"", ""Sensory Processing Disorder""]","[""0-5"", ""6-12"", ""13-18""]"
f7ef3afd-60cb-4d70-94f1-4312eca2bc22,Therapy Lounge Center,"1968 W. Adams Blvd. Los Angeles, CA 90018",310-553-2695,https://www.therapyloungecenter.com/,"['ABA therapy', 'Occupational therapy', 'Speech therapy']",Private Insurance,"[""Autism Spectrum Disorder"", ""ADHD"", ""Speech and Language Disorder"", ""Sensory Processing Disorder""]","[""0-5"", ""6-12"", ""13-18""]"
82bed946-18ac-4776-a17b-1ac48291b3e0,Therapy Lounge Center,"7335 Van Nuys Blvd. Suite 118 Van Nuys,, CA 91436",310-553-2695,https://www.therapyloungecenter.com/,"['ABA therapy', 'Occupational therapy', 'Speech therapy']",Private Insurance,"[""Autism Spectrum Disorder"", ""ADHD"", ""Speech and Language Disorder"", ""Sensory Processing Disorder""]","[""0-5"", ""6-12"", ""13-18""]"
f34e4caf-5fed-4c2f-af7b-8d1f6e1572ae,Therapy Place 4 Kids,"1932 14th Street Santa Monica, CA 90404",310-344-2276,https://tp4k.com/,"['Occupational therapy', 'Physical therapy', 'Feeding therapy', 'Social skills', 'Speech therapy']","Private Pay, Private Insurance","[""Autism Spectrum Disorder"", ""ADHD"", ""Speech and Language Disorder"", ""Sensory Processing Disorder""]","[""0-5"", ""6-12"", ""13-18""]"
43d14290-833d-46a4-a348-98b77115e0ff,Therapy West,"11460 W Washington Blvd, Los Angeles, CA 90066",310-337-7115,https://therapywest.org/,"['Occupational therapy', 'Physical therapy', 'Speech therapy']",Private Pay,"[""Autism Spectrum Disorder"", ""ADHD"", ""Speech and Language Disorder"", ""Sensory Processing Disorder""]","[""0-5"", ""6-12"", ""13-18""]"
277360c0-628e-43b8-b08a-98f6f40c3c69,TherapyWorksLA,"5657 Wilshire Blvd Los Angeles, CA 90036-3736",323-964-0972,https://therapyworksla.com/,['Occupational therapy'],Private Pay,"[""Autism Spectrum Disorder"", ""Global Development Delay"", ""ADHD"", ""Sensory Processing Disorder""]","[""0-5"", ""6-12"", ""13-18""]"
7e9e6583-d2a9-4ec7-b15e-a7539d459f24,TherapyWorksLA,5657 Wilshire Blvd Los Angeles CA 90036-3736,323-964-0972,https://therapyworksla.com/,['Occupational therapy'],Private Pay,"[""Autism Spectrum Disorder"", ""Global Development Delay"", ""ADHD"", ""Sensory Processing Disorder""]","[""0-5"", ""6-12"", ""13-18""]"
6d54a8bd-9db7-4033-9695-b40fa7b1069d,Thrive! Occupational Therapy,"1623 Orange Grove Ave, Los Angeles,, CA 90019",310-870-9664,https://thriveoccupationaltherapy.com/,['Occupational therapy'],Private Pay,"[""Autism Spectrum Disorder"", ""Global Development Delay"", ""ADHD"", ""Sensory Processing Disorder""]","[""0-5"", ""6-12"", ""13-18""]"
3d889855-b89c-4171-bdc9-963385314b90,Thrive! Occupational Therapy,"1623 Orange Grove Ave, Los Angeles, CA 90019",310-870-9664,https://thriveoccupationaltherapy.com/,['Occupational therapy'],Private Pay,"[""Autism Spectrum Disorder"", ""Global Development Delay"", ""ADHD"", ""Sensory Processing Disorder""]","[""0-5"", ""6-12"", ""13-18""]"
320fe7e0-4b99-4386-9337-f8abcd1518b3,Tichnor Clinic for Children,1660 Termino Ave Long Beach CA 90804-2103,562-597-3696,https://tichenorclinic.org/,"['Occupational therapy', 'Physical therapy', 'Speech therapy']",Free of Charge,"[""Autism Spectrum Disorder"", ""Global Development Delay"", ""ADHD"", ""Sensory Processing Disorder""]","[""0-5"", ""6-12"", ""13-18""]"
2d4f2139-85fe-40bb-85f7-74971987f0de,Tichnor Clinic for Children,"1660 Termino Ave Long Beach, CA 90804-2103",562-597-3696,https://tichenorclinic.org/,"['Occupational therapy', 'Physical therapy', 'Speech therapy']",Free of Charge,"[""Autism Spectrum Disorder"", ""Global Development Delay"", ""ADHD"", ""Sensory Processing Disorder""]","[""0-5"", ""6-12"", ""13-18""]"
9614695e-bc3c-4716-a0b1-a677a9d65b75,Tiny Bees Speech & Language Therapy,"3840 Woodruff Ave # 210, Long Beach,, CA 90808",562-726-4410,https://www.tinybeestherapy.com/,['Speech therapy'],"Private Insurance, Private Pay","[""Speech and Language Disorder"", ""Autism Spectrum Disorder"", ""Global Development Delay""]","[""0-5"", ""6-12"", ""13-18""]"
cc70a0be-2a80-44d0-bdda-5cf428029e36,Tiny Talk Speech Therapy,5106 Riverton Ave North Hollywood CA 91601-3941,602-885-6788,https://www.tinytalkspeechtherapy.com/,"['Speech therapy', 'Parent training']",Private Pay,"[""Speech and Language Disorder"", ""Autism Spectrum Disorder"", ""Global Development Delay""]","[""0-5"", ""6-12"", ""13-18""]"
441856e9-9bff-47ad-a0f1-138fbba5a017,Tiny Talk Speech Therapy,"5106 Riverton Ave North Hollywood, CA 91601-3941",602-885-6788,https://www.tinytalkspeechtherapy.com/,['Speech therapy'],Private Pay,"[""Speech and Language Disorder"", ""Autism Spectrum Disorder"", ""Global Development Delay""]","[""0-5"", ""6-12"", ""13-18""]"
8615a891-6043-4bce-8ff1-3d5d5124412f,TLC Pediatric Therapy,"205 S Broadway St Suite 302/318 Los Angeles,, CA 90012",213-505-5589,https://tlcpediatric.org/,"['Occupational therapy', 'Speech therapy', 'Feeding therapy']",Private Insurance,"[""Speech and Language Disorder"", ""Autism Spectrum Disorder"", ""Global Development Delay""]","[""0-5""]"
137627da-4969-4b73-8035-484d1b60d003,Total Education Solutions (TES) - Downtown LA,1015 Wilshire Blvd Los Angeles CA 90017-2415,562-333-3700,https://tesidea.com/,"['Occupational therapy', 'Physical therapy', 'Speech therapy']","Medi-Cal, Private Insurance, Private Pay","[""Autism Spectrum Disorder"", ""Global Development Delay"", ""ADHD"", ""Speech and Language Disorder"", ""Sensory Processing Disorder"", ""Other""]","[""0-5"", ""6-12"", ""13-18""]"
b0906282-8597-4c9d-9f0c-768aee80e531,Total Education Solutions (TES) - Downtown LA,"1015 Wilshire Blvd Los Angeles, CA 90017-2415",562-333-3700,https://tesidea.com/,"['Occupational therapy', 'Physical therapy', 'Speech therapy']","Medi-Cal, Private Insurance, Private Pay","[""Autism Spectrum Disorder"", ""Global Development Delay"", ""ADHD"", ""Speech and Language Disorder"", ""Sensory Processing Disorder"", ""Other""]","[""0-5"", ""6-12"", ""13-18""]"
ce65b2d9-516e-4aae-8d20-f266fde8668f,Total Education Solutions (TES) - Lynwood,3737 Martin Luther King Jr Blvd Lynwood CA 90262-3513,562-333-3700,https://tesidea.com/,"['Occupational therapy', 'Physical therapy', 'Speech therapy']","Medi-Cal, Private Insurance, Private Pay","[""Autism Spectrum Disorder"", ""Global Development Delay"", ""ADHD"", ""Speech and Language Disorder"", ""Sensory Processing Disorder"", ""Other""]","[""0-5"", ""6-12"", ""13-18""]"
617a81d3-0355-462b-a3f9-79c9cfc1812f,Total Education Solutions (TES) - Lynwood,"3737 Martin Luther King Jr Blvd Lynwood, CA 90262-3513",562-333-3700,https://tesidea.com/,"['Occupational therapy', 'Physical therapy', 'Speech therapy']","Medi-Cal, Private Insurance, Private Pay","[""Autism Spectrum Disorder"", ""Global Development Delay"", ""ADHD"", ""Speech and Language Disorder"", ""Sensory Processing Disorder"", ""Other""]","[""0-5"", ""6-12"", ""13-18""]"
f0ff79be-1af6-4b9c-b6ab-e79956bae7bc,Total Education Solutions TES Therapy,"1000 S. Fremont Avenue, Building A10N, Suite 10220, Alhambra, CA 91803",626-289-7472,https://tesidea.com/,"['ABA therapy', 'Occupational therapy', 'Physical therapy', 'Speech therapy']","Regional Center, Private Pay, Medicaid","[""Autism Spectrum Disorder"", ""Global Development Delay"", ""ADHD""]","[""0-5"", ""6-12"", ""13-18""]"
49e275b6-0305-46af-addf-62a906b7c9b2,Touched by an Angel,"5595 Huntington Drive N. Los Angeles, CA 90032",323-576-2938,https://www.touchedbyanangelinc.org/,"['Speech therapy', 'Occupational therapy' ]","Regional Center, Private Pay","[""Other"", ""Autism Spectrum Disorder"", ""ADHD"", ""Speech and Language Disorder"", ""Sensory Processing Disorder""]","[""All Ages""]"
b2b8a8c7-1b66-4bd6-a3ed-25d0a0126219,True Care Behavioral Solutions,"7361 Topanga Canyon Blvd Suite 770, Canoga Park, CA 91303",844-545-2770,https://truecarebehavioralsolutions.com/,['ABA therapy'],"Private Insurance, Medi-Cal","[""Autism Spectrum Disorder"", ""Global Development Delay"", ""ADHD""]","[""All Ages""]"
54259a93-8d41-4cb4-b4b5-8227c1001d84,Trumpet Behavioral Health,"5834 Adenmoor Ave Lakewood, CA 90713-1002",562-512-0403,https://www.bluesprigautism.com/centers/california/long-beach/?utm_source=google&utm_medium=organic&utm_campaign=gbp,['ABA therapy'],"Private Insurance: Aetna, Anthem Blue Cross, Carelon, Cigna, CareSource, Community Health Choice, ComPsych, FirstHealth, GulfCoast Provider Network, HealthCare Highways, inVio, Kaiser Permanente, Magellan Health, Medicaid, Medical Mutual, United Healthcare, Moda Health, TRICARE, Providence Health Plan","[""Autism Spectrum Disorder"", ""Global Development Delay"", ""ADHD""]","[""0-5"", ""6-12"", ""13-18""]"
9bfc2005-b9d6-4be8-b883-c4a430315636,Trumpet Behavioral Health,5834 Adenmoor Ave Lakewood CA 90713-1002,562-512-0403,https://www.bluesprigautism.com/centers/california/long-beach/?utm_source=google&utm_medium=organic&utm_campaign=gbp,['ABA therapy'],"Private Insurance: Aetna, Anthem Blue Cross, Carelon, Cigna, CareSource, Community Health Choice, ComPsych, FirstHealth, GulfCoast Provider Network, HealthCare Highways, inVio, Kaiser Permanente, Magellan Health, Medicaid, Medical Mutual, United Healthcare, Moda Health, TRICARE, Providence Health Plan","[""Autism Spectrum Disorder"", ""Global Development Delay"", ""ADHD""]","[""0-5"", ""6-12"", ""13-18""]"
9919b9bc-2fc7-4241-a9dc-b3889b684e35,"Trumpet Behavioral Health, Llc","{""zip"": ""90713"", ""city"": ""Lakewood"", ""state"": ""CA"", ""street"": ""5834 Adenmoor Ave""}",562-248-6435,https://www.bluesprigautism.com/centers/california/long-beach/,['ABA therapy'],"Private Insurance: Aetna, Anthem Blue Cross, Carelon, Cigna, CareSource, Community Health Choice, ComPsych, FirstHealth, GulfCoast Provider Network, HealthCare Highways, inVio, Kaiser Permanente, Magellan Health, Medicaid, Medical Mutual, United Healthcare, Moda Health, TRICARE, Providence Health Plan","[""Autism Spectrum Disorder"", ""Global Development Delay"", ""ADHD""]","[""0-5"", ""6-12"", ""13-18""]"
505ab814-d9e3-4e19-a5db-a19a53a91607,Uniquely Behavioral Health,"8605 Santa Monica Blvd, West Hollywood,, CA 90069",310-299-5982,https://www.uniquelybh.com/,"['ABA therapy', 'Parent training', 'Social skills']","Aetna, Anthem Blue Cross, Harbor Regional Center, Healthnet, Magellan Health, TriWest, Westside Regional Center","[""Autism Spectrum Disorder"", ""Global Development Delay"", ""ADHD""]","[""0-5"", ""6-12"", ""13-18""]"
1273c533-dfe6-436f-af90-1a8f240edb97,Uniquely Behavioral Health,"8605 Santa Monica Blvd, West Hollywood, CA 90069",310-299-5982,https://www.uniquelybh.com/,"['ABA therapy', 'Parent training', 'Social skills']","Aetna, Anthem Blue Cross, Harbor Regional Center, Healthnet, Magellan Health, TriWest, Westside Regional Center","[""Autism Spectrum Disorder"", ""Global Development Delay"", ""ADHD""]","[""0-5"", ""6-12"", ""13-18""]"
91938f70-5274-4c77-8522-9671b7ee501e,United Speech Specialists,"16444 Paramount Blvd, Paramount, CA 90723",310-897-0308,https://unitedspeechspecialists.com/about-us/,['Speech therapy'],Private Insurance,"[""Speech and Language Disorder"", ""Autism Spectrum Disorder"", ""Global Development Delay""]","[""0-5"", ""6-12"", ""13-18""]"
fb6fbfdd-201f-4525-8537-9ae6d8cdb696,United Speech Specialists,"16444 Paramount Blvd, Paramount,, CA 90723",310-897-0308,https://unitedspeechspecialists.com/about-us/,['Speech therapy'],Private Insurance,"[""Speech and Language Disorder"", ""Autism Spectrum Disorder"", ""Global Development Delay""]","[""0-5"", ""6-12"", ""13-18""]"
2a7c5037-acfa-40b2-808b-0a94d4952c6f,United Therapy Center Inc.,"{""zip"": ""90041"", ""city"": ""Los Angeles"", ""state"": ""CA"", ""street"": ""7462 N Figueroa St Suite 103""}",800-234-3234,https://www.unitedtherapycenter.com/?utm_source=gmb_auth,"['ABA therapy', 'Parent training']","Anthem Blue Cross, MHN, Cigna, Aetna, Magellan, Blue Shield of CA Promise, LA Care, PPO","[""Autism Spectrum Disorder"", ""Global Development Delay"", ""ADHD""]","[""0-5"", ""6-12"", ""13-18""]"
225077d3-cf29-4e52-8034-3d6b5c04752f,Uplift Therapy Center,"1975 Verdugo Blvd., Suite D La Canada Flintridge, CA 91011",818-921-4031,https://uplifttherapycenter.com/,"['Occupational therapy', 'Physical therapy', 'Feeding therapy']","Regional Center, Private Pay, Kaiser Permanente","[""Speech and Language Disorder"", ""Autism Spectrum Disorder"", ""Global Development Delay""]","[""0-5"", ""6-12"", ""13-18""]"
2978a167-41f5-48c1-8103-7062e4f11af9,Victory Care,"{""zip"": ""90212"", ""city"": ""Beverly Hills"", ""state"": ""CA"", ""street"": ""9744 Wilshire Blvd UNIT 309""}",424-260-1985,https://victorycare.com/,['ABA therapy'],Private Insurance,"[""Autism Spectrum Disorder"", ""Global Development Delay"", ""ADHD""]","[""0-5"", ""6-12"", ""13-18""]"
c5ba3ee6-781f-4878-828a-ebb4070529f4,Victory Care,"9744 Wilshire Blvd Suite 309, Beverly Hills,, CA 90212",833-669-4222,https://victorycare.com/,['ABA therapy'],Private Insurance,"[""Autism Spectrum Disorder"", ""Global Development Delay"", ""ADHD""]","[""0-5"", ""6-12"", ""13-18""]"
c77db643-7e3a-43ec-a819-ad0e994aae9a,Vida Kids Therapy,"11726 San Vicente Blvd Ste. 222 Los Angeles, CA 90049",424-724-0944,https://www.nestspeech.com/,"['Occupational therapy', 'Physical therapy', 'Speech therapy']","Private Pay, Private Insurance","[""Speech and Language Disorder"", ""Autism Spectrum Disorder"", ""Global Development Delay""]","[""0-5"", ""6-12""]"
b7aebf4c-0407-4986-8907-2650626c20f6,Villa Esperanza Services,"2116 E Villa St
 Pasadena CA 91107-2435",626-449-2919,https://www.villaesperanzaservices.org/,['Occupational therapy'],"Regional Center, Private Pay, Medicaid","[""Speech and Language Disorder"", ""Autism Spectrum Disorder"", ""Global Development Delay""]","[""All Ages""]"
f4b1fd9b-86e3-4822-a22a-af6c133f3235,Vista Center For Behavioral Analysis,"{""zip"": ""91321"", ""city"": ""Newhall"", ""state"": ""CA"", ""street"": ""23030 Lyons Ave suite 200""}",805-685-5740,http://www.vistacba.com/,['ABA therapy'],Private Insurance,"[""Autism Spectrum Disorder"", ""Global Development Delay"", ""ADHD""]","[""0-5"", ""6-12"", ""13-18""]"
c5c9df23-002e-47f9-ba80-2e0876b0e348,Weeefun Therapy,"724 E Foothill Blvd, San Dimas, Ca 91773",626-208-6564,https://weeefun.com/,"['Occupational therapy', 'Physical therapy', 'Speech therapy']","Private Pay, Private Insurance","[""Speech and Language Disorder"", ""Autism Spectrum Disorder"", ""Global Development Delay""]","[""0-5"", ""6-12"", ""13-18""]"
5e1fb90e-5823-45a2-8f69-05135d3f62ce,Wetherbee Pediatric Therapy,"4144 Ocean View Blvd., Montrose in Los Angeles County, California.",,https://www.wetherbeepediatrictherapy.com/,"['Occupational therapy', 'Physical therapy', 'Speech therapy']","Regional Center, Private Pay","[""Speech and Language Disorder"", ""Autism Spectrum Disorder"", ""Global Development Delay""]","[""0-5"", ""6-12"", ""13-18""]"
88eeeb41-a056-4e76-a018-0c63aa2462fc,Whole Child Therapy,"630 S Indian Hill Blvd UNIT 5, Claremont, CA 91711",909-451-8521,https://wholechildtherapy.net/,"[""Occupational therapy"", ""Speech therapy"", ""Feeding therapy""]","Private Pay, Private Insurance","[""Speech and Language Disorder"", ""Autism Spectrum Disorder"", ""Global Development Delay""]","[""0-5"", ""6-12"", ""13-18""]"
ca523bfb-b566-46bf-9e32-af588842bc31,Wonderkind Pediatric Therapy,"414 E San Bernardina Rd Covina, CA 91723",626=367-3206,https://www.wonderkindtherapy.com/,"['Occupational therapy', 'Physical therapy', 'Speech therapy']","Private Pay, Private Insurance","[""Speech and Language Disorder"", ""Autism Spectrum Disorder"", ""Global Development Delay""]","[""0-5"", ""6-12""]"
946e243b-f311-4401-84c9-57313deaec04,Words & Motion Speech Therapy Group,"8635 Florence Ave # 205, Downey,, CA 90240",323-476-7071,https://wordsandmotion.net/,"['Occupational therapy', 'Speech therapy']",Private Pay,"[""Speech and Language Disorder"", ""Autism Spectrum Disorder"", ""Global Development Delay""]","[""0-5"", ""6-12"", ""13-18""]"
68408b77-2f39-41dd-9dbb-898af2863daf,"Working With Autism, Inc.","{""zip"": ""91403"", ""city"": ""Sherman Oaks"", ""state"": ""CA"", ""street"": ""14724 Ventura Blvd""}",818-582-2200,http://www.workingwithautism.com/,"['ABA therapy', 'Social skills', 'Parent training']","Anthem Blue Cross of Claifornia, Blue Shieldd of California/Magellan Health, LA Care Medi-Cal, Aetna, Cigna","[""Autism Spectrum Disorder"", ""Global Development Delay"", ""ADHD""]","[""0-5"", ""6-12"", ""13-18""]"
70c761df-5bc8-4a6e-a574-2c113385fdf8,Zoi And Mind Clinics,"{""zip"": ""91205"", ""city"": ""Glendale"", ""state"": ""CA"", ""street"": ""1016 E Broadway STE 200""}",800-371-1121,http://www.zoiandmindclinics.com/,"['ABA therapy', 'Parent training']",Private Insurance,"[""Autism Spectrum Disorder"", ""Global Development Delay"", ""ADHD""]","[""0-5"", ""6-12"", ""13-18""]"
